filename,url,http_status,bytes
jn02qq.pdf,https://www.ship-ubf.org/biblestudy/9steps/jn02qq.pdf,200,10570
jn03qq.pdf,https://www.ship-ubf.org/biblestudy/9steps/jn03qq.pdf,200,10760
jn04qq.pdf,https://www.ship-ubf.org/biblestudy/9steps/jn04qq.pdf,200,11989
jn08qq.pdf,https://www.ship-ubf.org/biblestudy/9steps/jn08qq.pdf,200,12126
mk02qq.pdf,https://www.ship-ubf.org/biblestudy/9steps/mk02qq.pdf,200,11004
ge01aq.pdf,https://www.ship-ubf.org/biblestudy/9steps/ge01aq.pdf,200,10484
ge01bq.pdf,https://www.ship-ubf.org/biblestudy/9steps/ge01bq.pdf,200,11656
ge02qq.pdf,https://www.ship-ubf.org/biblestudy/9steps/ge02qq.pdf,200,12371
ge03qq.pdf,https://www.ship-ubf.org/biblestudy/9steps/ge03qq.pdf,200,13623
9JN02AM.pdf,https://www.ship-ubf.org/biblestudy/9steps/9JN02AM.pdf,200,226843
9JN03AM1.pdf,https://www.ship-ubf.org/biblestudy/9steps/9JN03AM1.pdf,200,199678
9JN03AM2.pdf,https://www.ship-ubf.org/biblestudy/9steps/9JN03AM2.pdf,200,272864
9JN04AM.pdf,https://www.ship-ubf.org/biblestudy/9steps/9JN04AM.pdf,200,227172
9JN08MM.pdf,https://www.ship-ubf.org/biblestudy/9steps/9JN08MM.pdf,200,25148
9MK02MM.pdf,https://www.ship-ubf.org/biblestudy/9steps/9MK02MM.pdf,200,25343
9GEN01AM.pdf,https://www.ship-ubf.org/biblestudy/9steps/9GEN01AM.pdf,200,23960
9GEN01BM.pdf,https://www.ship-ubf.org/biblestudy/9steps/9GEN01BM.pdf,200,24478
9GEN02MM.pdf,https://www.ship-ubf.org/biblestudy/9steps/9GEN02MM.pdf,200,28676
9GEN03MM.pdf,https://www.ship-ubf.org/biblestudy/9steps/9GEN03MM.pdf,200,23892
