book,filename,url,http_status,bytes
genesis,GEN01AQ.doc,https://www.ship-ubf.org/biblestudy/books/genesis/GEN01AQ.doc,200,28672
genesis,GEN01BQ.doc,https://www.ship-ubf.org/biblestudy/books/genesis/GEN01BQ.doc,200,28160
genesis,GEN02QQ.doc,https://www.ship-ubf.org/biblestudy/books/genesis/GEN02QQ.doc,200,25600
genesis,GEN03QQ.doc,https://www.ship-ubf.org/biblestudy/books/genesis/GEN03QQ.doc,200,31744
genesis,GEN04QQ.doc,https://www.ship-ubf.org/biblestudy/books/genesis/GEN04QQ.doc,200,25600
genesis,GEN06QQ.doc,https://www.ship-ubf.org/biblestudy/books/genesis/GEN06QQ.doc,200,26112
genesis,GEN08QQ.doc,https://www.ship-ubf.org/biblestudy/books/genesis/GEN08QQ.doc,200,26624
genesis,GEN12QQ.doc,https://www.ship-ubf.org/biblestudy/books/genesis/GEN12QQ.doc,200,28160
genesis,GEN13QQ.doc,https://www.ship-ubf.org/biblestudy/books/genesis/GEN13QQ.doc,200,26112
genesis,GEN14QQ.doc,https://www.ship-ubf.org/biblestudy/books/genesis/GEN14QQ.doc,200,28672
genesis,GEN15QQ.doc,https://www.ship-ubf.org/biblestudy/books/genesis/GEN15QQ.doc,200,26112
genesis,GEN16QQ.doc,https://www.ship-ubf.org/biblestudy/books/genesis/GEN16QQ.doc,200,26624
genesis,GEN18QQ.doc,https://www.ship-ubf.org/biblestudy/books/genesis/GEN18QQ.doc,200,27648
genesis,GEN20QQ.doc,https://www.ship-ubf.org/biblestudy/books/genesis/GEN20QQ.doc,200,29696
genesis,GEN22QQ.doc,https://www.ship-ubf.org/biblestudy/books/genesis/GEN22QQ.doc,200,30208
genesis,GEN24QQ.doc,https://www.ship-ubf.org/biblestudy/books/genesis/GEN24QQ.doc,200,32256
genesis,GEN25QQ.doc,https://www.ship-ubf.org/biblestudy/books/genesis/GEN25QQ.doc,200,25088
genesis,GEN26QQ.doc,https://www.ship-ubf.org/biblestudy/books/genesis/GEN26QQ.doc,200,11264
genesis,GEN27QQ.doc,https://www.ship-ubf.org/biblestudy/books/genesis/GEN27QQ.doc,200,20992
genesis,GEN29QQ.doc,https://www.ship-ubf.org/biblestudy/books/genesis/GEN29QQ.doc,200,32256
genesis,GEN31QQ.doc,https://www.ship-ubf.org/biblestudy/books/genesis/GEN31QQ.doc,200,29696
genesis,GEN32QQ.doc,https://www.ship-ubf.org/biblestudy/books/genesis/GEN32QQ.doc,200,28672
genesis,GEN33QQ.doc,https://www.ship-ubf.org/biblestudy/books/genesis/GEN33QQ.doc,200,28160
genesis,GEN37QQ.doc,https://www.ship-ubf.org/biblestudy/books/genesis/GEN37QQ.doc,200,25600
genesis,GEN40QQ.doc,https://www.ship-ubf.org/biblestudy/books/genesis/GEN40QQ.doc,200,27648
genesis,GEN42QQ.doc,https://www.ship-ubf.org/biblestudy/books/genesis/GEN42QQ.doc,200,27648
genesis,GEN45QQ.doc,https://www.ship-ubf.org/biblestudy/books/genesis/GEN45QQ.doc,200,27136
exodus,EX01QQ.DOC,https://www.ship-ubf.org/biblestudy/books/exodus/EX01QQ.DOC,200,46592
exodus,EX02QQ.DOC,https://www.ship-ubf.org/biblestudy/books/exodus/EX02QQ.DOC,200,34304
exodus,EX03QQ.DOC,https://www.ship-ubf.org/biblestudy/books/exodus/EX03QQ.DOC,200,52224
exodus,EX04QQ.DOC,https://www.ship-ubf.org/biblestudy/books/exodus/EX04QQ.DOC,200,22016
exodus,EX05QQ.DOC,https://www.ship-ubf.org/biblestudy/books/exodus/EX05QQ.DOC,200,29184
exodus,EX06QQ.DOC,https://www.ship-ubf.org/biblestudy/books/exodus/EX06QQ.DOC,200,44544
exodus,EX07QQ.DOC,https://www.ship-ubf.org/biblestudy/books/exodus/EX07QQ.DOC,200,48640
exodus,EX08QQ.DOC,https://www.ship-ubf.org/biblestudy/books/exodus/EX08QQ.DOC,200,32256
exodus,EX09QQ.DOC,https://www.ship-ubf.org/biblestudy/books/exodus/EX09QQ.DOC,200,27136
leviticus,LEV01QQ.doc,https://www.ship-ubf.org/biblestudy/books/leviticus/LEV01QQ.doc,200,29184
leviticus,LEV04QQ.doc,https://www.ship-ubf.org/biblestudy/books/leviticus/LEV04QQ.doc,200,14603
leviticus,LEV06QQ.doc,https://www.ship-ubf.org/biblestudy/books/leviticus/LEV06QQ.doc,200,29184
leviticus,LEV08QQ.doc,https://www.ship-ubf.org/biblestudy/books/leviticus/LEV08QQ.doc,200,32768
leviticus,LEV09MM.pdf,https://www.ship-ubf.org/biblestudy/books/leviticus/LEV09MM.pdf,200,332882
leviticus,LEV09QQ.doc,https://www.ship-ubf.org/biblestudy/books/leviticus/LEV09QQ.doc,200,25088
leviticus,LEV11QQ.doc,https://www.ship-ubf.org/biblestudy/books/leviticus/LEV11QQ.doc,200,28160
leviticus,LEV16QQ.doc,https://www.ship-ubf.org/biblestudy/books/leviticus/LEV16QQ.doc,200,24576
leviticus,LEV21QQ.doc,https://www.ship-ubf.org/biblestudy/books/leviticus/LEV21QQ.doc,200,26112
leviticus,LEV23QQ.doc,https://www.ship-ubf.org/biblestudy/books/leviticus/LEV23QQ.doc,200,27136
leviticus,LEV26QQ.doc,https://www.ship-ubf.org/biblestudy/books/leviticus/LEV26QQ.doc,200,25600
deuteronomy,DT01MM.pdf,https://www.ship-ubf.org/biblestudy/books/deuteronomy/DT01MM.pdf,404,867
deuteronomy,DT01QQ.doc,https://www.ship-ubf.org/biblestudy/books/deuteronomy/DT01QQ.doc,200,30208
deuteronomy,DT05MM.pdf,https://www.ship-ubf.org/biblestudy/books/deuteronomy/DT05MM.pdf,404,867
deuteronomy,DT05QQ.doc,https://www.ship-ubf.org/biblestudy/books/deuteronomy/DT05QQ.doc,200,28672
deuteronomy,DT07MM.pdf,https://www.ship-ubf.org/biblestudy/books/deuteronomy/DT07MM.pdf,200,180289
deuteronomy,DT07QQ.doc,https://www.ship-ubf.org/biblestudy/books/deuteronomy/DT07QQ.doc,200,31744
deuteronomy,DT09MM.pdf,https://www.ship-ubf.org/biblestudy/books/deuteronomy/DT09MM.pdf,404,867
deuteronomy,DT09QQ.doc,https://www.ship-ubf.org/biblestudy/books/deuteronomy/DT09QQ.doc,200,32256
deuteronomy,DT10MM.pdf,https://www.ship-ubf.org/biblestudy/books/deuteronomy/DT10MM.pdf,200,156170
deuteronomy,DT10QQ.doc,https://www.ship-ubf.org/biblestudy/books/deuteronomy/DT10QQ.doc,200,32256
deuteronomy,DT12MM.pdf,https://www.ship-ubf.org/biblestudy/books/deuteronomy/DT12MM.pdf,200,132209
deuteronomy,DT12QQ.doc,https://www.ship-ubf.org/biblestudy/books/deuteronomy/DT12QQ.doc,200,36352
deuteronomy,DT14MM.pdf,https://www.ship-ubf.org/biblestudy/books/deuteronomy/DT14MM.pdf,200,158925
deuteronomy,DT14QQ.doc,https://www.ship-ubf.org/biblestudy/books/deuteronomy/DT14QQ.doc,200,31744
deuteronomy,DT18MM.pdf,https://www.ship-ubf.org/biblestudy/books/deuteronomy/DT18MM.pdf,404,867
deuteronomy,DT18QQ.doc,https://www.ship-ubf.org/biblestudy/books/deuteronomy/DT18QQ.doc,404,867
deuteronomy,DT19MM.pdf,https://www.ship-ubf.org/biblestudy/books/deuteronomy/DT19MM.pdf,200,117350
deuteronomy,DT19QQ.doc,https://www.ship-ubf.org/biblestudy/books/deuteronomy/DT19QQ.doc,200,31744
deuteronomy,DT22MM.pdf,https://www.ship-ubf.org/biblestudy/books/deuteronomy/DT22MM.pdf,404,867
deuteronomy,DT22QQ.doc,https://www.ship-ubf.org/biblestudy/books/deuteronomy/DT22QQ.doc,200,31232
deuteronomy,DT24MM.pdf,https://www.ship-ubf.org/biblestudy/books/deuteronomy/DT24MM.pdf,404,867
deuteronomy,DT24QQ.doc,https://www.ship-ubf.org/biblestudy/books/deuteronomy/DT24QQ.doc,200,36352
deuteronomy,DT27MM.pdf,https://www.ship-ubf.org/biblestudy/books/deuteronomy/DT27MM.pdf,404,867
deuteronomy,DT27QQ.doc,https://www.ship-ubf.org/biblestudy/books/deuteronomy/DT27QQ.doc,200,31744
deuteronomy,DT31MM.pdf,https://www.ship-ubf.org/biblestudy/books/deuteronomy/DT31MM.pdf,200,178568
deuteronomy,DT31QQ.doc,https://www.ship-ubf.org/biblestudy/books/deuteronomy/DT31QQ.doc,200,33792
deuteronomy,Intro_Deuteronomy.pdf,https://www.ship-ubf.org/biblestudy/books/deuteronomy/Intro_Deuteronomy.pdf,200,98238
joshua,JO01MM.pdf,https://www.ship-ubf.org/biblestudy/books/joshua/JO01MM.pdf,200,102063
joshua,JO02MM.pdf,https://www.ship-ubf.org/biblestudy/books/joshua/JO02MM.pdf,200,108484
joshua,JO03MM.pdf,https://www.ship-ubf.org/biblestudy/books/joshua/JO03MM.pdf,200,103620
joshua,JO04MM.pdf,https://www.ship-ubf.org/biblestudy/books/joshua/JO04MM.pdf,200,130577
joshua,JO05MM.pdf,https://www.ship-ubf.org/biblestudy/books/joshua/JO05MM.pdf,200,133110
joshua,josh01QQ.doc,https://www.ship-ubf.org/biblestudy/books/joshua/josh01QQ.doc,200,31232
joshua,josh02QQ.doc,https://www.ship-ubf.org/biblestudy/books/joshua/josh02QQ.doc,200,19968
joshua,josh03QQ.doc,https://www.ship-ubf.org/biblestudy/books/joshua/josh03QQ.doc,200,19968
joshua,josh04QQ.doc,https://www.ship-ubf.org/biblestudy/books/joshua/josh04QQ.doc,200,20992
joshua,josh05QQ.doc,https://www.ship-ubf.org/biblestudy/books/joshua/josh05QQ.doc,200,29696
joshua,josh06QQ.doc,https://www.ship-ubf.org/biblestudy/books/joshua/josh06QQ.doc,200,20480
joshua,josh07QQ.doc,https://www.ship-ubf.org/biblestudy/books/joshua/josh07QQ.doc,200,20480
joshua,josh08QQ.doc,https://www.ship-ubf.org/biblestudy/books/joshua/josh08QQ.doc,200,20480
joshua,josh09QQ.doc,https://www.ship-ubf.org/biblestudy/books/joshua/josh09QQ.doc,200,20480
joshua,josh10QQ.doc,https://www.ship-ubf.org/biblestudy/books/joshua/josh10QQ.doc,200,20480
joshua,josh11QQ.doc,https://www.ship-ubf.org/biblestudy/books/joshua/josh11QQ.doc,200,20992
judges,JDG01MM.pdf,https://www.ship-ubf.org/biblestudy/books/judges/JDG01MM.pdf,200,200754
judges,JDG01QQ.doc,https://www.ship-ubf.org/biblestudy/books/judges/JDG01QQ.doc,200,26624
judges,JDG02MM.pdf,https://www.ship-ubf.org/biblestudy/books/judges/JDG02MM.pdf,200,187461
judges,JDG02QQ.doc,https://www.ship-ubf.org/biblestudy/books/judges/JDG02QQ.doc,200,20992
judges,JDG03MM.pdf,https://www.ship-ubf.org/biblestudy/books/judges/JDG03MM.pdf,200,195064
judges,JDG03QQ.doc,https://www.ship-ubf.org/biblestudy/books/judges/JDG03QQ.doc,200,20992
judges,JDG04MM.pdf,https://www.ship-ubf.org/biblestudy/books/judges/JDG04MM.pdf,200,194091
judges,JDG04QQ.doc,https://www.ship-ubf.org/biblestudy/books/judges/JDG04QQ.doc,200,20992
judges,JDG05MM.pdf,https://www.ship-ubf.org/biblestudy/books/judges/JDG05MM.pdf,200,180038
judges,JDG05QQ.doc,https://www.ship-ubf.org/biblestudy/books/judges/JDG05QQ.doc,200,21504
judges,JDG06MM.pdf,https://www.ship-ubf.org/biblestudy/books/judges/JDG06MM.pdf,200,104918
judges,JDG06QQ.doc,https://www.ship-ubf.org/biblestudy/books/judges/JDG06QQ.doc,200,20992
ruth,RUTH01AQ.doc,https://www.ship-ubf.org/biblestudy/books/ruth/RUTH01AQ.doc,200,28672
ruth,RUTH02AQ.doc,https://www.ship-ubf.org/biblestudy/books/ruth/RUTH02AQ.doc,200,31232
ruth,RUTH03AQ.doc,https://www.ship-ubf.org/biblestudy/books/ruth/RUTH03AQ.doc,200,31744
ruth,RUTH04AQ.doc,https://www.ship-ubf.org/biblestudy/books/ruth/RUTH04AQ.doc,200,35840
samuel1,1SA01MM.pdf,https://www.ship-ubf.org/biblestudy/books/samuel1/1SA01MM.pdf,200,123494
samuel1,1SA01QQ.doc,https://www.ship-ubf.org/biblestudy/books/samuel1/1SA01QQ.doc,200,27136
samuel1,1SA02MM.pdf,https://www.ship-ubf.org/biblestudy/books/samuel1/1SA02MM.pdf,200,203025
samuel1,1SA02QQ.doc,https://www.ship-ubf.org/biblestudy/books/samuel1/1SA02QQ.doc,200,32256
samuel1,1SA04MM.pdf,https://www.ship-ubf.org/biblestudy/books/samuel1/1SA04MM.pdf,200,361752
samuel1,1SA04QQ.doc,https://www.ship-ubf.org/biblestudy/books/samuel1/1SA04QQ.doc,200,32768
samuel1,1SA07MM.pdf,https://www.ship-ubf.org/biblestudy/books/samuel1/1SA07MM.pdf,200,510067
samuel1,1SA07QQ.doc,https://www.ship-ubf.org/biblestudy/books/samuel1/1SA07QQ.doc,200,32768
samuel1,1SA08MM.pdf,https://www.ship-ubf.org/biblestudy/books/samuel1/1SA08MM.pdf,200,283173
samuel1,1SA08QQ.doc,https://www.ship-ubf.org/biblestudy/books/samuel1/1SA08QQ.doc,200,32768
samuel1,1SA10MM.pdf,https://www.ship-ubf.org/biblestudy/books/samuel1/1SA10MM.pdf,200,283158
samuel1,1SA10QQ.doc,https://www.ship-ubf.org/biblestudy/books/samuel1/1SA10QQ.doc,200,33792
samuel1,1SA12MM.pdf,https://www.ship-ubf.org/biblestudy/books/samuel1/1SA12MM.pdf,200,138265
samuel1,1SA12QQ.doc,https://www.ship-ubf.org/biblestudy/books/samuel1/1SA12QQ.doc,200,30208
samuel1,1SA13MM.pdf,https://www.ship-ubf.org/biblestudy/books/samuel1/1SA13MM.pdf,200,181357
samuel1,1SA13QQ.doc,https://www.ship-ubf.org/biblestudy/books/samuel1/1SA13QQ.doc,200,30208
samuel1,1SA14MM.pdf,https://www.ship-ubf.org/biblestudy/books/samuel1/1SA14MM.pdf,200,217678
samuel1,1SA14QQ.doc,https://www.ship-ubf.org/biblestudy/books/samuel1/1SA14QQ.doc,200,31232
samuel1,1SA15MM.pdf,https://www.ship-ubf.org/biblestudy/books/samuel1/1SA15MM.pdf,200,430019
samuel1,1SA15QQ.doc,https://www.ship-ubf.org/biblestudy/books/samuel1/1SA15QQ.doc,200,32256
samuel1,1SA16MM.pdf,https://www.ship-ubf.org/biblestudy/books/samuel1/1SA16MM.pdf,200,442503
samuel1,1SA16QQ.doc,https://www.ship-ubf.org/biblestudy/books/samuel1/1SA16QQ.doc,200,29696
samuel1,1SA17MM.pdf,https://www.ship-ubf.org/biblestudy/books/samuel1/1SA17MM.pdf,200,441819
samuel1,1SA17QQ.doc,https://www.ship-ubf.org/biblestudy/books/samuel1/1SA17QQ.doc,200,30720
samuel1,1SA18MM.pdf,https://www.ship-ubf.org/biblestudy/books/samuel1/1SA18MM.pdf,200,344122
samuel1,1SA18QQ.doc,https://www.ship-ubf.org/biblestudy/books/samuel1/1SA18QQ.doc,200,30720
samuel1,1SA20MM.pdf,https://www.ship-ubf.org/biblestudy/books/samuel1/1SA20MM.pdf,200,266587
samuel1,1SA20QQ.doc,https://www.ship-ubf.org/biblestudy/books/samuel1/1SA20QQ.doc,200,30720
samuel1,1SA21MM.pdf,https://www.ship-ubf.org/biblestudy/books/samuel1/1SA21MM.pdf,200,314564
samuel1,1SA21QQ.doc,https://www.ship-ubf.org/biblestudy/books/samuel1/1SA21QQ.doc,200,491520
samuel1,1SA23MM.pdf,https://www.ship-ubf.org/biblestudy/books/samuel1/1SA23MM.pdf,200,263514
samuel1,1SA23QQ.doc,https://www.ship-ubf.org/biblestudy/books/samuel1/1SA23QQ.doc,200,36352
samuel1,1SA24MM.pdf,https://www.ship-ubf.org/biblestudy/books/samuel1/1SA24MM.pdf,200,233312
samuel1,1SA24QQ.doc,https://www.ship-ubf.org/biblestudy/books/samuel1/1SA24QQ.doc,200,55808
samuel1,1SA25MM.pdf,https://www.ship-ubf.org/biblestudy/books/samuel1/1SA25MM.pdf,200,258755
samuel1,1SA25QQ.doc,https://www.ship-ubf.org/biblestudy/books/samuel1/1SA25QQ.doc,200,56832
samuel1,1SA26MM.pdf,https://www.ship-ubf.org/biblestudy/books/samuel1/1SA26MM.pdf,200,261900
samuel1,1SA27MM.pdf,https://www.ship-ubf.org/biblestudy/books/samuel1/1SA27MM.pdf,200,208505
samuel1,1SA27QQ.doc,https://www.ship-ubf.org/biblestudy/books/samuel1/1SA27QQ.doc,200,34304
samuel1,1SA29MM.pdf,https://www.ship-ubf.org/biblestudy/books/samuel1/1SA29MM.pdf,200,245591
samuel1,1SA29QQ.doc,https://www.ship-ubf.org/biblestudy/books/samuel1/1SA29QQ.doc,200,35328
samuel1,1SA30MM.pdf,https://www.ship-ubf.org/biblestudy/books/samuel1/1SA30MM.pdf,200,286738
samuel1,1SA_intro.pdf,https://www.ship-ubf.org/biblestudy/books/samuel1/1SA_intro.pdf,200,45587
samuel2,2SA01MM.pdf,https://www.ship-ubf.org/biblestudy/books/samuel2/2SA01MM.pdf,404,867
samuel2,2SA01QQ.doc,https://www.ship-ubf.org/biblestudy/books/samuel2/2SA01QQ.doc,200,26624
samuel2,2SA02MM.pdf,https://www.ship-ubf.org/biblestudy/books/samuel2/2SA02MM.pdf,404,867
samuel2,2SA02QQ.doc,https://www.ship-ubf.org/biblestudy/books/samuel2/2SA02QQ.doc,200,26112
samuel2,2SA05MM.pdf,https://www.ship-ubf.org/biblestudy/books/samuel2/2SA05MM.pdf,404,867
samuel2,2SA05QQ.doc,https://www.ship-ubf.org/biblestudy/books/samuel2/2SA05QQ.doc,200,27136
samuel2,2SA07MM.pdf,https://www.ship-ubf.org/biblestudy/books/samuel2/2SA07MM.pdf,404,867
samuel2,2SA07QQ.doc,https://www.ship-ubf.org/biblestudy/books/samuel2/2SA07QQ.doc,200,26624
samuel2,2SA08MM.pdf,https://www.ship-ubf.org/biblestudy/books/samuel2/2SA08MM.pdf,404,867
samuel2,2SA08QQ.doc,https://www.ship-ubf.org/biblestudy/books/samuel2/2SA08QQ.doc,200,25600
samuel2,2SA11MM.pdf,https://www.ship-ubf.org/biblestudy/books/samuel2/2SA11MM.pdf,404,867
samuel2,2SA11QQ.doc,https://www.ship-ubf.org/biblestudy/books/samuel2/2SA11QQ.doc,200,27136
samuel2,2SA13MM.pdf,https://www.ship-ubf.org/biblestudy/books/samuel2/2SA13MM.pdf,200,232846
samuel2,2SA13QQ.doc,https://www.ship-ubf.org/biblestudy/books/samuel2/2SA13QQ.doc,200,28160
samuel2,2SA16MM.pdf,https://www.ship-ubf.org/biblestudy/books/samuel2/2SA16MM.pdf,404,867
samuel2,2SA16QQ.doc,https://www.ship-ubf.org/biblestudy/books/samuel2/2SA16QQ.doc,200,26112
samuel2,2SA19MM.pdf,https://www.ship-ubf.org/biblestudy/books/samuel2/2SA19MM.pdf,404,867
samuel2,2SA19QQ.doc,https://www.ship-ubf.org/biblestudy/books/samuel2/2SA19QQ.doc,200,24064
samuel2,2SA21MM.pdf,https://www.ship-ubf.org/biblestudy/books/samuel2/2SA21MM.pdf,404,867
samuel2,2SA21QQ.doc,https://www.ship-ubf.org/biblestudy/books/samuel2/2SA21QQ.doc,200,26624
samuel2,2SA23MM.pdf,https://www.ship-ubf.org/biblestudy/books/samuel2/2SA23MM.pdf,404,867
samuel2,2SA23QQ.doc,https://www.ship-ubf.org/biblestudy/books/samuel2/2SA23QQ.doc,200,25600
samuel2,2SA24MM.pdf,https://www.ship-ubf.org/biblestudy/books/samuel2/2SA24MM.pdf,200,287454
samuel2,2SA24QQ.doc,https://www.ship-ubf.org/biblestudy/books/samuel2/2SA24QQ.doc,200,24064
samuel2,Introduction_2Samuel.pdf,https://www.ship-ubf.org/biblestudy/books/samuel2/Introduction_2Samuel.pdf,200,52556
ecclesiastes,ECC00MM.pdf,https://www.ship-ubf.org/biblestudy/books/ecclesiastes/ECC00MM.pdf,404,867
ecclesiastes,ECC00QQ.doc,https://www.ship-ubf.org/biblestudy/books/ecclesiastes/ECC00QQ.doc,200,29696
ecclesiastes,ECC01MM.pdf,https://www.ship-ubf.org/biblestudy/books/ecclesiastes/ECC01MM.pdf,404,867
ecclesiastes,ECC01QQ.doc,https://www.ship-ubf.org/biblestudy/books/ecclesiastes/ECC01QQ.doc,200,32256
ecclesiastes,ECC02MM.pdf,https://www.ship-ubf.org/biblestudy/books/ecclesiastes/ECC02MM.pdf,404,867
ecclesiastes,ECC02QQ.doc,https://www.ship-ubf.org/biblestudy/books/ecclesiastes/ECC02QQ.doc,200,30720
ecclesiastes,ECC03MM.pdf,https://www.ship-ubf.org/biblestudy/books/ecclesiastes/ECC03MM.pdf,404,867
ecclesiastes,ECC03QQ.doc,https://www.ship-ubf.org/biblestudy/books/ecclesiastes/ECC03QQ.doc,200,32256
ecclesiastes,ECC04MM.pdf,https://www.ship-ubf.org/biblestudy/books/ecclesiastes/ECC04MM.pdf,404,867
ecclesiastes,ECC04QQ.doc,https://www.ship-ubf.org/biblestudy/books/ecclesiastes/ECC04QQ.doc,200,27136
ecclesiastes,ECC05MM.pdf,https://www.ship-ubf.org/biblestudy/books/ecclesiastes/ECC05MM.pdf,404,867
ecclesiastes,ECC05QQ.doc,https://www.ship-ubf.org/biblestudy/books/ecclesiastes/ECC05QQ.doc,200,29696
ecclesiastes,ECC06MM.pdf,https://www.ship-ubf.org/biblestudy/books/ecclesiastes/ECC06MM.pdf,404,867
ecclesiastes,ECC06QQ.doc,https://www.ship-ubf.org/biblestudy/books/ecclesiastes/ECC06QQ.doc,200,24064
ecclesiastes,ECC07MM.pdf,https://www.ship-ubf.org/biblestudy/books/ecclesiastes/ECC07MM.pdf,404,867
ecclesiastes,ECC07QQ.doc,https://www.ship-ubf.org/biblestudy/books/ecclesiastes/ECC07QQ.doc,200,28160
ecclesiastes,ECC08MM.pdf,https://www.ship-ubf.org/biblestudy/books/ecclesiastes/ECC08MM.pdf,404,867
ecclesiastes,ECC08QQ.doc,https://www.ship-ubf.org/biblestudy/books/ecclesiastes/ECC08QQ.doc,200,27136
ecclesiastes,ECC09MM.pdf,https://www.ship-ubf.org/biblestudy/books/ecclesiastes/ECC09MM.pdf,404,867
ecclesiastes,ECC09QQ.doc,https://www.ship-ubf.org/biblestudy/books/ecclesiastes/ECC09QQ.doc,200,31744
ecclesiastes,ECC10MM.pdf,https://www.ship-ubf.org/biblestudy/books/ecclesiastes/ECC10MM.pdf,404,867
ecclesiastes,ECC10QQ.doc,https://www.ship-ubf.org/biblestudy/books/ecclesiastes/ECC10QQ.doc,200,32768
ecclesiastes,ECC11MM.pdf,https://www.ship-ubf.org/biblestudy/books/ecclesiastes/ECC11MM.pdf,404,867
ecclesiastes,ECC11QQ.doc,https://www.ship-ubf.org/biblestudy/books/ecclesiastes/ECC11QQ.doc,200,31744
ecclesiastes,ECC12MM.pdf,https://www.ship-ubf.org/biblestudy/books/ecclesiastes/ECC12MM.pdf,404,867
ecclesiastes,ECC12QQ.doc,https://www.ship-ubf.org/biblestudy/books/ecclesiastes/ECC12QQ.doc,200,29696
daniel,Dan01QQ.DOC,https://www.ship-ubf.org/biblestudy/books/daniel/Dan01QQ.DOC,404,867
daniel,Dan02QQ.DOC,https://www.ship-ubf.org/biblestudy/books/daniel/Dan02QQ.DOC,404,867
daniel,Dan03QQ.DOC,https://www.ship-ubf.org/biblestudy/books/daniel/Dan03QQ.DOC,404,867
daniel,Dan04QQ.DOC,https://www.ship-ubf.org/biblestudy/books/daniel/Dan04QQ.DOC,404,867
daniel,Dan05QQ.DOC,https://www.ship-ubf.org/biblestudy/books/daniel/Dan05QQ.DOC,404,867
daniel,Dan06QQ.DOC,https://www.ship-ubf.org/biblestudy/books/daniel/Dan06QQ.DOC,404,867
daniel,Dan07QQ.DOC,https://www.ship-ubf.org/biblestudy/books/daniel/Dan07QQ.DOC,404,867
daniel,Dan08QQ.DOC,https://www.ship-ubf.org/biblestudy/books/daniel/Dan08QQ.DOC,404,867
daniel,Dan09QQ.DOC,https://www.ship-ubf.org/biblestudy/books/daniel/Dan09QQ.DOC,404,867
daniel,Dan10QQ.DOC,https://www.ship-ubf.org/biblestudy/books/daniel/Dan10QQ.DOC,404,867
hosea,Hos01QQ.doc,https://www.ship-ubf.org/biblestudy/books/hosea/Hos01QQ.doc,200,28160
hosea,Hos01mm.pdf,https://www.ship-ubf.org/biblestudy/books/hosea/Hos01mm.pdf,200,148884
hosea,Hos02QQ.doc,https://www.ship-ubf.org/biblestudy/books/hosea/Hos02QQ.doc,200,27648
hosea,Hos02mm.pdf,https://www.ship-ubf.org/biblestudy/books/hosea/Hos02mm.pdf,200,183725
hosea,Hos03QQ.doc,https://www.ship-ubf.org/biblestudy/books/hosea/Hos03QQ.doc,200,32256
hosea,Hos03mm.pdf,https://www.ship-ubf.org/biblestudy/books/hosea/Hos03mm.pdf,200,155870
hosea,Hos04QQ.doc,https://www.ship-ubf.org/biblestudy/books/hosea/Hos04QQ.doc,200,34304
hosea,Hos04mm.pdf,https://www.ship-ubf.org/biblestudy/books/hosea/Hos04mm.pdf,200,140854
hosea,Hos05QQ.doc,https://www.ship-ubf.org/biblestudy/books/hosea/Hos05QQ.doc,200,36352
hosea,Hos05mm.pdf,https://www.ship-ubf.org/biblestudy/books/hosea/Hos05mm.pdf,200,151280
hosea,Hos06QQ.doc,https://www.ship-ubf.org/biblestudy/books/hosea/Hos06QQ.doc,200,38400
hosea,Hos06mm.pdf,https://www.ship-ubf.org/biblestudy/books/hosea/Hos06mm.pdf,200,174896
jonah,JNH01QQ.doc,https://www.ship-ubf.org/biblestudy/books/jonah/JNH01QQ.doc,200,29184
jonah,JNH01mm.pdf,https://www.ship-ubf.org/biblestudy/books/jonah/JNH01mm.pdf,404,867
jonah,JNH02QQ.doc,https://www.ship-ubf.org/biblestudy/books/jonah/JNH02QQ.doc,200,30720
jonah,JNH02mm.pdf,https://www.ship-ubf.org/biblestudy/books/jonah/JNH02mm.pdf,404,867
jonah,JNH03QQ.doc,https://www.ship-ubf.org/biblestudy/books/jonah/JNH03QQ.doc,200,30208
jonah,JNH03mm.pdf,https://www.ship-ubf.org/biblestudy/books/jonah/JNH03mm.pdf,404,867
jonah,JNH04QQ.doc,https://www.ship-ubf.org/biblestudy/books/jonah/JNH04QQ.doc,200,27136
jonah,JNH04mm.pdf,https://www.ship-ubf.org/biblestudy/books/jonah/JNH04mm.pdf,404,867
micah,MIC01QQ.doc,https://www.ship-ubf.org/biblestudy/books/micah/MIC01QQ.doc,200,27648
micah,MIC02QQ.doc,https://www.ship-ubf.org/biblestudy/books/micah/MIC02QQ.doc,200,32256
micah,MIC04QQ.doc,https://www.ship-ubf.org/biblestudy/books/micah/MIC04QQ.doc,200,29184
micah,MIC06QQ.doc,https://www.ship-ubf.org/biblestudy/books/micah/MIC06QQ.doc,200,32768
micah,Micah_introduction.pdf,https://www.ship-ubf.org/biblestudy/books/micah/Micah_introduction.pdf,200,256158
matthew,MT01AQ.DOC,https://www.ship-ubf.org/biblestudy/books/matthew/MT01AQ.DOC,200,20480
matthew,MT01BQ.DOC,https://www.ship-ubf.org/biblestudy/books/matthew/MT01BQ.DOC,200,20480
matthew,MT02AQ.DOC,https://www.ship-ubf.org/biblestudy/books/matthew/MT02AQ.DOC,200,19456
matthew,MT03AQ.DOC,https://www.ship-ubf.org/biblestudy/books/matthew/MT03AQ.DOC,200,25088
matthew,MT04AQ.DOC,https://www.ship-ubf.org/biblestudy/books/matthew/MT04AQ.DOC,200,26112
matthew,MT04BQ.DOC,https://www.ship-ubf.org/biblestudy/books/matthew/MT04BQ.DOC,200,25088
matthew,MT05AQ.DOC,https://www.ship-ubf.org/biblestudy/books/matthew/MT05AQ.DOC,200,27136
matthew,MT05BQ.DOC,https://www.ship-ubf.org/biblestudy/books/matthew/MT05BQ.DOC,200,27136
matthew,MT06AQ.DOC,https://www.ship-ubf.org/biblestudy/books/matthew/MT06AQ.DOC,200,25600
matthew,MT06BQ.DOC,https://www.ship-ubf.org/biblestudy/books/matthew/MT06BQ.DOC,200,28672
matthew,MT07AQ.DOC,https://www.ship-ubf.org/biblestudy/books/matthew/MT07AQ.DOC,200,25088
matthew,MT07BQ.DOC,https://www.ship-ubf.org/biblestudy/books/matthew/MT07BQ.DOC,200,25088
matthew,MT08AQ.DOC,https://www.ship-ubf.org/biblestudy/books/matthew/MT08AQ.DOC,200,28672
matthew,MT08BQ.DOC,https://www.ship-ubf.org/biblestudy/books/matthew/MT08BQ.DOC,200,28672
matthew,MT09AQ.DOC,https://www.ship-ubf.org/biblestudy/books/matthew/MT09AQ.DOC,200,30208
matthew,MT09BQ.DOC,https://www.ship-ubf.org/biblestudy/books/matthew/MT09BQ.DOC,200,24576
matthew,MT10AQ.DOC,https://www.ship-ubf.org/biblestudy/books/matthew/MT10AQ.DOC,200,24576
matthew,MT10BQ.DOC,https://www.ship-ubf.org/biblestudy/books/matthew/MT10BQ.DOC,200,24576
matthew,MT10CQ.DOC,https://www.ship-ubf.org/biblestudy/books/matthew/MT10CQ.DOC,200,24064
matthew,MT11AQ.DOC,https://www.ship-ubf.org/biblestudy/books/matthew/MT11AQ.DOC,200,27136
matthew,MT11BQ.DOC,https://www.ship-ubf.org/biblestudy/books/matthew/MT11BQ.DOC,200,24576
matthew,MT12AQ.DOC,https://www.ship-ubf.org/biblestudy/books/matthew/MT12AQ.DOC,200,24576
matthew,MT12BQ.DOC,https://www.ship-ubf.org/biblestudy/books/matthew/MT12BQ.DOC,200,24576
matthew,MT13AQ.DOC,https://www.ship-ubf.org/biblestudy/books/matthew/MT13AQ.DOC,200,24576
matthew,MT13BQ.DOC,https://www.ship-ubf.org/biblestudy/books/matthew/MT13BQ.DOC,200,24576
matthew,MT14AQ.DOC,https://www.ship-ubf.org/biblestudy/books/matthew/MT14AQ.DOC,200,24576
matthew,MT14BQ.DOC,https://www.ship-ubf.org/biblestudy/books/matthew/MT14BQ.DOC,200,24576
matthew,MT15AQ.DOC,https://www.ship-ubf.org/biblestudy/books/matthew/MT15AQ.DOC,200,24576
matthew,MT15BQ.DOC,https://www.ship-ubf.org/biblestudy/books/matthew/MT15BQ.DOC,200,24576
matthew,MT16AQ.DOC,https://www.ship-ubf.org/biblestudy/books/matthew/MT16AQ.DOC,200,24576
matthew,MT16BQ.DOC,https://www.ship-ubf.org/biblestudy/books/matthew/MT16BQ.DOC,200,25600
matthew,MT17AQ.DOC,https://www.ship-ubf.org/biblestudy/books/matthew/MT17AQ.DOC,200,24576
matthew,MT17BQ.DOC,https://www.ship-ubf.org/biblestudy/books/matthew/MT17BQ.DOC,200,24576
matthew,MT18AQ.DOC,https://www.ship-ubf.org/biblestudy/books/matthew/MT18AQ.DOC,200,24576
matthew,MT18BQ.DOC,https://www.ship-ubf.org/biblestudy/books/matthew/MT18BQ.DOC,200,24576
matthew,MT19AQ.DOC,https://www.ship-ubf.org/biblestudy/books/matthew/MT19AQ.DOC,200,24576
matthew,MT19BQ.DOC,https://www.ship-ubf.org/biblestudy/books/matthew/MT19BQ.DOC,200,24064
matthew,MT20AQ.DOC,https://www.ship-ubf.org/biblestudy/books/matthew/MT20AQ.DOC,200,28160
matthew,MT20BQ.DOC,https://www.ship-ubf.org/biblestudy/books/matthew/MT20BQ.DOC,200,28672
matthew,MT21AQ.DOC,https://www.ship-ubf.org/biblestudy/books/matthew/MT21AQ.DOC,200,29696
matthew,MT21BQ.DOC,https://www.ship-ubf.org/biblestudy/books/matthew/MT21BQ.DOC,200,29184
matthew,MT21CQ.DOC,https://www.ship-ubf.org/biblestudy/books/matthew/MT21CQ.DOC,200,29696
matthew,MT21DQ.DOC,https://www.ship-ubf.org/biblestudy/books/matthew/MT21DQ.DOC,200,29184
matthew,MT21EQ.DOC,https://www.ship-ubf.org/biblestudy/books/matthew/MT21EQ.DOC,200,29696
matthew,MT22AQ.DOC,https://www.ship-ubf.org/biblestudy/books/matthew/MT22AQ.DOC,200,25088
matthew,MT22BQ.DOC,https://www.ship-ubf.org/biblestudy/books/matthew/MT22BQ.DOC,200,25600
matthew,MT22CQ.DOC,https://www.ship-ubf.org/biblestudy/books/matthew/MT22CQ.DOC,200,28672
matthew,MT22DQ.DOC,https://www.ship-ubf.org/biblestudy/books/matthew/MT22DQ.DOC,200,28672
matthew,MT23AQ.DOC,https://www.ship-ubf.org/biblestudy/books/matthew/MT23AQ.DOC,200,23552
matthew,MT24AQ.DOC,https://www.ship-ubf.org/biblestudy/books/matthew/MT24AQ.DOC,200,24064
matthew,MT24BQ.DOC,https://www.ship-ubf.org/biblestudy/books/matthew/MT24BQ.DOC,200,24576
matthew,MT25AQ.DOC,https://www.ship-ubf.org/biblestudy/books/matthew/MT25AQ.DOC,200,23552
matthew,MT25BQ.DOC,https://www.ship-ubf.org/biblestudy/books/matthew/MT25BQ.DOC,200,23552
matthew,MT25CQ.DOC,https://www.ship-ubf.org/biblestudy/books/matthew/MT25CQ.DOC,200,23552
matthew,MT26AQ.DOC,https://www.ship-ubf.org/biblestudy/books/matthew/MT26AQ.DOC,200,24576
matthew,MT26BQ.DOC,https://www.ship-ubf.org/biblestudy/books/matthew/MT26BQ.DOC,200,24576
matthew,MT26CQ.DOC,https://www.ship-ubf.org/biblestudy/books/matthew/MT26CQ.DOC,200,24576
matthew,MT27AQ.DOC,https://www.ship-ubf.org/biblestudy/books/matthew/MT27AQ.DOC,200,25088
matthew,MT27BQ.DOC,https://www.ship-ubf.org/biblestudy/books/matthew/MT27BQ.DOC,200,25088
matthew,MT28AQ.DOC,https://www.ship-ubf.org/biblestudy/books/matthew/MT28AQ.DOC,200,24576
mark,mk01am1.pdf,https://www.ship-ubf.org/biblestudy/books/mark/mk01am1.pdf,200,53230
mark,mk01am2.pdf,https://www.ship-ubf.org/biblestudy/books/mark/mk01am2.pdf,200,28266
mark,mk01aq.doc,https://www.ship-ubf.org/biblestudy/books/mark/mk01aq.doc,200,20480
mark,mk01bm1.pdf,https://www.ship-ubf.org/biblestudy/books/mark/mk01bm1.pdf,200,25676
mark,mk01bm2.pdf,https://www.ship-ubf.org/biblestudy/books/mark/mk01bm2.pdf,200,21884
mark,mk01bq.doc,https://www.ship-ubf.org/biblestudy/books/mark/mk01bq.doc,200,28672
mark,mk02aq.doc,https://www.ship-ubf.org/biblestudy/books/mark/mk02aq.doc,200,28672
mark,mk02mm1.pdf,https://www.ship-ubf.org/biblestudy/books/mark/mk02mm1.pdf,200,26626
mark,mk02mm2.pdf,https://www.ship-ubf.org/biblestudy/books/mark/mk02mm2.pdf,200,22843
mark,mk03aq.doc,https://www.ship-ubf.org/biblestudy/books/mark/mk03aq.doc,200,28672
mark,mk03mm1.pdf,https://www.ship-ubf.org/biblestudy/books/mark/mk03mm1.pdf,200,19035
mark,mk05bq.doc,https://www.ship-ubf.org/biblestudy/books/mark/mk05bq.doc,200,28672
mark,mk06am.pdf,https://www.ship-ubf.org/biblestudy/books/mark/mk06am.pdf,200,26703
mark,mk06aq.doc,https://www.ship-ubf.org/biblestudy/books/mark/mk06aq.doc,200,24064
mark,mk06bq.doc,https://www.ship-ubf.org/biblestudy/books/mark/mk06bq.doc,200,22016
mark,mk06cm.pdf,https://www.ship-ubf.org/biblestudy/books/mark/mk06cm.pdf,200,28034
mark,mk06cq.doc,https://www.ship-ubf.org/biblestudy/books/mark/mk06cq.doc,200,28160
mark,mk06dm.pdf,https://www.ship-ubf.org/biblestudy/books/mark/mk06dm.pdf,200,40365
mark,mk06dq.doc,https://www.ship-ubf.org/biblestudy/books/mark/mk06dq.doc,200,28672
mark,mk07am.pdf,https://www.ship-ubf.org/biblestudy/books/mark/mk07am.pdf,200,26985
mark,mk07aq.doc,https://www.ship-ubf.org/biblestudy/books/mark/mk07aq.doc,200,28160
mark,mk07bm.pdf,https://www.ship-ubf.org/biblestudy/books/mark/mk07bm.pdf,200,36228
mark,mk07bq.doc,https://www.ship-ubf.org/biblestudy/books/mark/mk07bq.doc,200,25088
mark,mk07cm.pdf,https://www.ship-ubf.org/biblestudy/books/mark/mk07cm.pdf,200,42099
mark,mk07cq.doc,https://www.ship-ubf.org/biblestudy/books/mark/mk07cq.doc,200,25088
mark,mk08am.pdf,https://www.ship-ubf.org/biblestudy/books/mark/mk08am.pdf,200,66087
mark,mk08aq.doc,https://www.ship-ubf.org/biblestudy/books/mark/mk08aq.doc,200,28160
mark,mk08bm.pdf,https://www.ship-ubf.org/biblestudy/books/mark/mk08bm.pdf,200,73394
mark,mk08bq.doc,https://www.ship-ubf.org/biblestudy/books/mark/mk08bq.doc,200,28160
mark,mk08cm.pdf,https://www.ship-ubf.org/biblestudy/books/mark/mk08cm.pdf,200,43903
mark,mk08cq.doc,https://www.ship-ubf.org/biblestudy/books/mark/mk08cq.doc,200,28672
mark,mk08dm.pdf,https://www.ship-ubf.org/biblestudy/books/mark/mk08dm.pdf,200,89320
mark,mk08dq.doc,https://www.ship-ubf.org/biblestudy/books/mark/mk08dq.doc,200,28672
mark,mk08em.pdf,https://www.ship-ubf.org/biblestudy/books/mark/mk08em.pdf,200,26367
mark,mk08eq.doc,https://www.ship-ubf.org/biblestudy/books/mark/mk08eq.doc,200,29696
mark,mk09am.pdf,https://www.ship-ubf.org/biblestudy/books/mark/mk09am.pdf,200,169770
mark,mk09aq.doc,https://www.ship-ubf.org/biblestudy/books/mark/mk09aq.doc,200,21504
mark,mk09bm.pdf,https://www.ship-ubf.org/biblestudy/books/mark/mk09bm.pdf,200,48725
mark,mk09bq.doc,https://www.ship-ubf.org/biblestudy/books/mark/mk09bq.doc,200,21504
mark,mk09cm.pdf,https://www.ship-ubf.org/biblestudy/books/mark/mk09cm.pdf,200,26300
mark,mk09cq.doc,https://www.ship-ubf.org/biblestudy/books/mark/mk09cq.doc,200,22528
mark,mk10am.pdf,https://www.ship-ubf.org/biblestudy/books/mark/mk10am.pdf,200,47985
mark,mk10aq.doc,https://www.ship-ubf.org/biblestudy/books/mark/mk10aq.doc,200,34304
mark,mk10bm.pdf,https://www.ship-ubf.org/biblestudy/books/mark/mk10bm.pdf,200,28129
mark,mk10bq.doc,https://www.ship-ubf.org/biblestudy/books/mark/mk10bq.doc,200,22016
mark,mk10cm.pdf,https://www.ship-ubf.org/biblestudy/books/mark/mk10cm.pdf,200,23415
mark,mk10cq.doc,https://www.ship-ubf.org/biblestudy/books/mark/mk10cq.doc,200,29184
mark,mk10dm.pdf,https://www.ship-ubf.org/biblestudy/books/mark/mk10dm.pdf,200,76549
mark,mk10dq.doc,https://www.ship-ubf.org/biblestudy/books/mark/mk10dq.doc,200,29696
mark,mk11am.pdf,https://www.ship-ubf.org/biblestudy/books/mark/mk11am.pdf,200,45490
mark,mk11aq.doc,https://www.ship-ubf.org/biblestudy/books/mark/mk11aq.doc,200,23040
mark,mk11bm.pdf,https://www.ship-ubf.org/biblestudy/books/mark/mk11bm.pdf,200,45996
mark,mk11bq.doc,https://www.ship-ubf.org/biblestudy/books/mark/mk11bq.doc,200,20992
mark,mk12am.pdf,https://www.ship-ubf.org/biblestudy/books/mark/mk12am.pdf,200,77909
mark,mk12aq.doc,https://www.ship-ubf.org/biblestudy/books/mark/mk12aq.doc,200,26112
mark,mk12bm.pdf,https://www.ship-ubf.org/biblestudy/books/mark/mk12bm.pdf,200,211786
mark,mk12bq.doc,https://www.ship-ubf.org/biblestudy/books/mark/mk12bq.doc,200,21504
mark,mk12cm.pdf,https://www.ship-ubf.org/biblestudy/books/mark/mk12cm.pdf,200,207554
mark,mk12cq.doc,https://www.ship-ubf.org/biblestudy/books/mark/mk12cq.doc,200,25600
mark,mk12dm.pdf,https://www.ship-ubf.org/biblestudy/books/mark/mk12dm.pdf,200,188260
mark,mk12dq.doc,https://www.ship-ubf.org/biblestudy/books/mark/mk12dq.doc,200,21504
mark,mk12em.pdf,https://www.ship-ubf.org/biblestudy/books/mark/mk12em.pdf,200,188859
mark,mk12eq.doc,https://www.ship-ubf.org/biblestudy/books/mark/mk12eq.doc,200,22016
mark,mk13am.pdf,https://www.ship-ubf.org/biblestudy/books/mark/mk13am.pdf,200,244932
mark,mk13aq.doc,https://www.ship-ubf.org/biblestudy/books/mark/mk13aq.doc,200,21504
mark,mk13bm.pdf,https://www.ship-ubf.org/biblestudy/books/mark/mk13bm.pdf,200,192053
mark,mk13bq.doc,https://www.ship-ubf.org/biblestudy/books/mark/mk13bq.doc,200,23040
mark,mk14am.pdf,https://www.ship-ubf.org/biblestudy/books/mark/mk14am.pdf,200,175444
mark,mk14aq.doc,https://www.ship-ubf.org/biblestudy/books/mark/mk14aq.doc,200,26112
mark,mk14bm.pdf,https://www.ship-ubf.org/biblestudy/books/mark/mk14bm.pdf,200,228040
mark,mk14bq.doc,https://www.ship-ubf.org/biblestudy/books/mark/mk14bq.doc,200,22016
mark,mk14cm.pdf,https://www.ship-ubf.org/biblestudy/books/mark/mk14cm.pdf,200,208692
mark,mk14cq.doc,https://www.ship-ubf.org/biblestudy/books/mark/mk14cq.doc,200,22528
mark,mk15am.pdf,https://www.ship-ubf.org/biblestudy/books/mark/mk15am.pdf,200,219546
mark,mk15aq.doc,https://www.ship-ubf.org/biblestudy/books/mark/mk15aq.doc,200,22528
mark,mk15bm.pdf,https://www.ship-ubf.org/biblestudy/books/mark/mk15bm.pdf,200,157767
mark,mk15bq.doc,https://www.ship-ubf.org/biblestudy/books/mark/mk15bq.doc,200,23552
mark,mk16aq.doc,https://www.ship-ubf.org/biblestudy/books/mark/mk16aq.doc,200,21504
mark,mk16mm.pdf,https://www.ship-ubf.org/biblestudy/books/mark/mk16mm.pdf,200,152884
luke,LK01AM.pdf,https://www.ship-ubf.org/biblestudy/books/luke/LK01AM.pdf,404,867
luke,LK01AQ.doc,https://www.ship-ubf.org/biblestudy/books/luke/LK01AQ.doc,200,24064
luke,LK01BM.pdf,https://www.ship-ubf.org/biblestudy/books/luke/LK01BM.pdf,200,118981
luke,LK01BQ.doc,https://www.ship-ubf.org/biblestudy/books/luke/LK01BQ.doc,200,24576
luke,LK01CM.pdf,https://www.ship-ubf.org/biblestudy/books/luke/LK01CM.pdf,404,867
luke,LK01CQ.doc,https://www.ship-ubf.org/biblestudy/books/luke/LK01CQ.doc,200,25600
luke,LK01DM.pdf,https://www.ship-ubf.org/biblestudy/books/luke/LK01DM.pdf,404,867
luke,LK01DQ.doc,https://www.ship-ubf.org/biblestudy/books/luke/LK01DQ.doc,200,26112
luke,LK02AM.pdf,https://www.ship-ubf.org/biblestudy/books/luke/LK02AM.pdf,404,867
luke,LK02AQ.doc,https://www.ship-ubf.org/biblestudy/books/luke/LK02AQ.doc,200,27136
luke,LK02BM.pdf,https://www.ship-ubf.org/biblestudy/books/luke/LK02BM.pdf,404,867
luke,LK02BQ.doc,https://www.ship-ubf.org/biblestudy/books/luke/LK02BQ.doc,200,24064
luke,LK02CM.pdf,https://www.ship-ubf.org/biblestudy/books/luke/LK02CM.pdf,200,107036
luke,LK02CQ.doc,https://www.ship-ubf.org/biblestudy/books/luke/LK02CQ.doc,200,23552
luke,LK03AM.pdf,https://www.ship-ubf.org/biblestudy/books/luke/LK03AM.pdf,404,867
luke,LK03AQ.doc,https://www.ship-ubf.org/biblestudy/books/luke/LK03AQ.doc,200,25600
luke,LK03BM.pdf,https://www.ship-ubf.org/biblestudy/books/luke/LK03BM.pdf,200,108965
luke,LK03BQ.doc,https://www.ship-ubf.org/biblestudy/books/luke/LK03BQ.doc,200,26624
luke,LK04AM.pdf,https://www.ship-ubf.org/biblestudy/books/luke/LK04AM.pdf,200,107447
luke,LK04AQ.doc,https://www.ship-ubf.org/biblestudy/books/luke/LK04AQ.doc,200,25600
luke,LK04BM.pdf,https://www.ship-ubf.org/biblestudy/books/luke/LK04BM.pdf,404,867
luke,LK04BQ.doc,https://www.ship-ubf.org/biblestudy/books/luke/LK04BQ.doc,200,26624
luke,LK04CM.pdf,https://www.ship-ubf.org/biblestudy/books/luke/LK04CM.pdf,200,130409
luke,LK04CQ.doc,https://www.ship-ubf.org/biblestudy/books/luke/LK04CQ.doc,200,26624
luke,LK05AM.pdf,https://www.ship-ubf.org/biblestudy/books/luke/LK05AM.pdf,200,120723
luke,LK05AQ.doc,https://www.ship-ubf.org/biblestudy/books/luke/LK05AQ.doc,200,25088
luke,LK05BM.pdf,https://www.ship-ubf.org/biblestudy/books/luke/LK05BM.pdf,200,111112
luke,LK05BQ.doc,https://www.ship-ubf.org/biblestudy/books/luke/LK05BQ.doc,200,24576
luke,LK05CM.pdf,https://www.ship-ubf.org/biblestudy/books/luke/LK05CM.pdf,404,867
luke,LK05CQ.doc,https://www.ship-ubf.org/biblestudy/books/luke/LK05CQ.doc,200,24576
luke,LK05DM.pdf,https://www.ship-ubf.org/biblestudy/books/luke/LK05DM.pdf,200,105964
luke,LK05DQ.doc,https://www.ship-ubf.org/biblestudy/books/luke/LK05DQ.doc,200,24064
luke,LK05EM.pdf,https://www.ship-ubf.org/biblestudy/books/luke/LK05EM.pdf,404,867
luke,LK05EQ.doc,https://www.ship-ubf.org/biblestudy/books/luke/LK05EQ.doc,200,24576
luke,LK06AM1.pdf,https://www.ship-ubf.org/biblestudy/books/luke/LK06AM1.pdf,200,108830
luke,LK06AM2.pdf,https://www.ship-ubf.org/biblestudy/books/luke/LK06AM2.pdf,200,110917
luke,LK06AQ.doc,https://www.ship-ubf.org/biblestudy/books/luke/LK06AQ.doc,200,24576
luke,LK06BM.pdf,https://www.ship-ubf.org/biblestudy/books/luke/LK06BM.pdf,404,867
luke,LK06BQ.doc,https://www.ship-ubf.org/biblestudy/books/luke/LK06BQ.doc,200,24576
luke,LK06CM.pdf,https://www.ship-ubf.org/biblestudy/books/luke/LK06CM.pdf,404,867
luke,LK06CQ.doc,https://www.ship-ubf.org/biblestudy/books/luke/LK06CQ.doc,200,24576
luke,LK07AM.pdf,https://www.ship-ubf.org/biblestudy/books/luke/LK07AM.pdf,200,106058
luke,LK07AQ.doc,https://www.ship-ubf.org/biblestudy/books/luke/LK07AQ.doc,200,28672
luke,LK07BM.pdf,https://www.ship-ubf.org/biblestudy/books/luke/LK07BM.pdf,404,867
luke,LK07BQ.doc,https://www.ship-ubf.org/biblestudy/books/luke/LK07BQ.doc,200,28160
luke,LK07CM.pdf,https://www.ship-ubf.org/biblestudy/books/luke/LK07CM.pdf,404,867
luke,LK07CQ.doc,https://www.ship-ubf.org/biblestudy/books/luke/LK07CQ.doc,200,24576
luke,LK07DM.pdf,https://www.ship-ubf.org/biblestudy/books/luke/LK07DM.pdf,404,867
luke,LK07DQ.doc,https://www.ship-ubf.org/biblestudy/books/luke/LK07DQ.doc,200,25088
luke,LK08AM.pdf,https://www.ship-ubf.org/biblestudy/books/luke/LK08AM.pdf,200,217445
luke,LK08AQ.doc,https://www.ship-ubf.org/biblestudy/books/luke/LK08AQ.doc,200,24064
luke,LK08BM.pdf,https://www.ship-ubf.org/biblestudy/books/luke/LK08BM.pdf,404,867
luke,LK08BQ.doc,https://www.ship-ubf.org/biblestudy/books/luke/LK08BQ.doc,200,24576
luke,LK08CM.pdf,https://www.ship-ubf.org/biblestudy/books/luke/LK08CM.pdf,200,212147
luke,LK08CQ.doc,https://www.ship-ubf.org/biblestudy/books/luke/LK08CQ.doc,200,23040
luke,LK08DM.pdf,https://www.ship-ubf.org/biblestudy/books/luke/LK08DM.pdf,404,867
luke,LK08DQ.doc,https://www.ship-ubf.org/biblestudy/books/luke/LK08DQ.doc,200,23040
luke,LK08EM.pdf,https://www.ship-ubf.org/biblestudy/books/luke/LK08EM.pdf,200,117942
luke,LK08EQ.doc,https://www.ship-ubf.org/biblestudy/books/luke/LK08EQ.doc,200,23552
luke,LK09AM.pdf,https://www.ship-ubf.org/biblestudy/books/luke/LK09AM.pdf,200,100342
luke,LK09AQ.doc,https://www.ship-ubf.org/biblestudy/books/luke/LK09AQ.doc,200,25088
luke,LK09BM.pdf,https://www.ship-ubf.org/biblestudy/books/luke/LK09BM.pdf,404,867
luke,LK09BQ.doc,https://www.ship-ubf.org/biblestudy/books/luke/LK09BQ.doc,200,24576
luke,LK09CM.pdf,https://www.ship-ubf.org/biblestudy/books/luke/LK09CM.pdf,404,867
luke,LK09CQ.doc,https://www.ship-ubf.org/biblestudy/books/luke/LK09CQ.doc,200,25088
luke,LK09DM.pdf,https://www.ship-ubf.org/biblestudy/books/luke/LK09DM.pdf,404,867
luke,LK09DQ.doc,https://www.ship-ubf.org/biblestudy/books/luke/LK09DQ.doc,200,24576
luke,LK09EM.pdf,https://www.ship-ubf.org/biblestudy/books/luke/LK09EM.pdf,200,186963
luke,LK09EQ.doc,https://www.ship-ubf.org/biblestudy/books/luke/LK09EQ.doc,200,25088
luke,LK09FM.pdf,https://www.ship-ubf.org/biblestudy/books/luke/LK09FM.pdf,404,867
luke,LK09FQ.doc,https://www.ship-ubf.org/biblestudy/books/luke/LK09FQ.doc,200,25088
luke,LK10AM.pdf,https://www.ship-ubf.org/biblestudy/books/luke/LK10AM.pdf,404,867
luke,LK10AQ.doc,https://www.ship-ubf.org/biblestudy/books/luke/LK10AQ.doc,200,25600
luke,LK10BM.pdf,https://www.ship-ubf.org/biblestudy/books/luke/LK10BM.pdf,200,108372
luke,LK10BQ.doc,https://www.ship-ubf.org/biblestudy/books/luke/LK10BQ.doc,200,25088
luke,LK10CM.pdf,https://www.ship-ubf.org/biblestudy/books/luke/LK10CM.pdf,200,98730
luke,LK10CQ.doc,https://www.ship-ubf.org/biblestudy/books/luke/LK10CQ.doc,200,25600
luke,LK11AQ.doc,https://www.ship-ubf.org/biblestudy/books/luke/LK11AQ.doc,200,25088
luke,LK11BM.pdf,https://www.ship-ubf.org/biblestudy/books/luke/LK11BM.pdf,404,867
luke,LK11BQ.doc,https://www.ship-ubf.org/biblestudy/books/luke/LK11BQ.doc,200,23040
luke,LK11CM.pdf,https://www.ship-ubf.org/biblestudy/books/luke/LK11CM.pdf,200,102860
luke,LK11CQ.doc,https://www.ship-ubf.org/biblestudy/books/luke/LK11CQ.doc,200,25088
luke,LK12AM.pdf,https://www.ship-ubf.org/biblestudy/books/luke/LK12AM.pdf,404,867
luke,LK12AQ.doc,https://www.ship-ubf.org/biblestudy/books/luke/LK12AQ.doc,200,25088
luke,LK12BM.pdf,https://www.ship-ubf.org/biblestudy/books/luke/LK12BM.pdf,404,867
luke,LK12BQ.doc,https://www.ship-ubf.org/biblestudy/books/luke/LK12BQ.doc,200,23040
luke,LK12CM.pdf,https://www.ship-ubf.org/biblestudy/books/luke/LK12CM.pdf,200,186423
luke,LK12CQ.doc,https://www.ship-ubf.org/biblestudy/books/luke/LK12CQ.doc,200,25600
luke,LK13AM.pdf,https://www.ship-ubf.org/biblestudy/books/luke/LK13AM.pdf,200,112280
luke,LK13AQ.doc,https://www.ship-ubf.org/biblestudy/books/luke/LK13AQ.doc,200,24576
luke,LK13BM.pdf,https://www.ship-ubf.org/biblestudy/books/luke/LK13BM.pdf,200,180355
luke,LK13BQ.doc,https://www.ship-ubf.org/biblestudy/books/luke/LK13BQ.doc,200,25088
luke,LK14AM.pdf,https://www.ship-ubf.org/biblestudy/books/luke/LK14AM.pdf,404,867
luke,LK14AQ.doc,https://www.ship-ubf.org/biblestudy/books/luke/LK14AQ.doc,200,25600
luke,LK14BM.pdf,https://www.ship-ubf.org/biblestudy/books/luke/LK14BM.pdf,404,867
luke,LK14BQ.doc,https://www.ship-ubf.org/biblestudy/books/luke/LK14BQ.doc,200,24576
luke,LK15MM.pdf,https://www.ship-ubf.org/biblestudy/books/luke/LK15MM.pdf,404,867
luke,LK15QQ.doc,https://www.ship-ubf.org/biblestudy/books/luke/LK15QQ.doc,200,25088
luke,LK16AM.pdf,https://www.ship-ubf.org/biblestudy/books/luke/LK16AM.pdf,200,142719
luke,LK16AQ.doc,https://www.ship-ubf.org/biblestudy/books/luke/LK16AQ.doc,200,26624
luke,LK16BM.pdf,https://www.ship-ubf.org/biblestudy/books/luke/LK16BM.pdf,404,867
luke,LK16BQ.doc,https://www.ship-ubf.org/biblestudy/books/luke/LK16BQ.doc,200,24576
luke,LK17AM.pdf,https://www.ship-ubf.org/biblestudy/books/luke/LK17AM.pdf,404,867
luke,LK17AQ.doc,https://www.ship-ubf.org/biblestudy/books/luke/LK17AQ.doc,200,25088
luke,LK17BM.pdf,https://www.ship-ubf.org/biblestudy/books/luke/LK17BM.pdf,200,98566
luke,LK17BQ.doc,https://www.ship-ubf.org/biblestudy/books/luke/LK17BQ.doc,200,26112
luke,LK17CM.pdf,https://www.ship-ubf.org/biblestudy/books/luke/LK17CM.pdf,200,102849
luke,LK17CQ.doc,https://www.ship-ubf.org/biblestudy/books/luke/LK17CQ.doc,200,27136
luke,LK18AM.pdf,https://www.ship-ubf.org/biblestudy/books/luke/LK18AM.pdf,404,867
luke,LK18AQ.doc,https://www.ship-ubf.org/biblestudy/books/luke/LK18AQ.doc,200,26112
luke,LK18BM.pdf,https://www.ship-ubf.org/biblestudy/books/luke/LK18BM.pdf,200,140706
luke,LK18BQ.doc,https://www.ship-ubf.org/biblestudy/books/luke/LK18BQ.doc,200,27648
luke,LK18CM.pdf,https://www.ship-ubf.org/biblestudy/books/luke/LK18CM.pdf,200,142178
luke,LK18CQ.doc,https://www.ship-ubf.org/biblestudy/books/luke/LK18CQ.doc,200,28160
luke,LK19AM.pdf,https://www.ship-ubf.org/biblestudy/books/luke/LK19AM.pdf,200,99769
luke,LK19AQ.doc,https://www.ship-ubf.org/biblestudy/books/luke/LK19AQ.doc,200,27648
luke,LK19BM.pdf,https://www.ship-ubf.org/biblestudy/books/luke/LK19BM.pdf,404,867
luke,LK19BQ.doc,https://www.ship-ubf.org/biblestudy/books/luke/LK19BQ.doc,200,28672
luke,LK19CM.pdf,https://www.ship-ubf.org/biblestudy/books/luke/LK19CM.pdf,404,867
luke,LK19CQ.doc,https://www.ship-ubf.org/biblestudy/books/luke/LK19CQ.doc,200,25088
luke,LK20AM.pdf,https://www.ship-ubf.org/biblestudy/books/luke/LK20AM.pdf,200,185814
luke,LK20AQ.doc,https://www.ship-ubf.org/biblestudy/books/luke/LK20AQ.doc,200,25600
luke,LK20BM.pdf,https://www.ship-ubf.org/biblestudy/books/luke/LK20BM.pdf,200,180529
luke,LK20BQ.doc,https://www.ship-ubf.org/biblestudy/books/luke/LK20BQ.doc,200,25088
luke,LK21MM.pdf,https://www.ship-ubf.org/biblestudy/books/luke/LK21MM.pdf,200,189700
luke,LK21QQ.doc,https://www.ship-ubf.org/biblestudy/books/luke/LK21QQ.doc,200,26112
luke,LK22AM.pdf,https://www.ship-ubf.org/biblestudy/books/luke/LK22AM.pdf,200,186065
luke,LK22AQ.doc,https://www.ship-ubf.org/biblestudy/books/luke/LK22AQ.doc,200,25088
luke,LK22BM.pdf,https://www.ship-ubf.org/biblestudy/books/luke/LK22BM.pdf,200,182726
luke,LK22BQ.doc,https://www.ship-ubf.org/biblestudy/books/luke/LK22BQ.doc,200,26112
luke,LK22CM.pdf,https://www.ship-ubf.org/biblestudy/books/luke/LK22CM.pdf,200,194312
luke,LK22CQ.doc,https://www.ship-ubf.org/biblestudy/books/luke/LK22CQ.doc,200,27136
luke,LK23AM.pdf,https://www.ship-ubf.org/biblestudy/books/luke/LK23AM.pdf,404,867
luke,LK23AQ.doc,https://www.ship-ubf.org/biblestudy/books/luke/LK23AQ.doc,200,26112
luke,LK23BM.pdf,https://www.ship-ubf.org/biblestudy/books/luke/LK23BM.pdf,404,867
luke,LK23BQ.doc,https://www.ship-ubf.org/biblestudy/books/luke/LK23BQ.doc,200,27136
luke,LK24AM.pdf,https://www.ship-ubf.org/biblestudy/books/luke/LK24AM.pdf,200,181947
luke,LK24AQ.doc,https://www.ship-ubf.org/biblestudy/books/luke/LK24AQ.doc,200,28672
luke,LK24BM.pdf,https://www.ship-ubf.org/biblestudy/books/luke/LK24BM.pdf,200,186905
luke,LK24BQ.doc,https://www.ship-ubf.org/biblestudy/books/luke/LK24BQ.doc,200,29184
john,JN01AM1.pdf,https://www.ship-ubf.org/biblestudy/books/john/JN01AM1.pdf,200,180717
john,JN01AM2.pdf,https://www.ship-ubf.org/biblestudy/books/john/JN01AM2.pdf,200,151241
john,JN01AQ.doc,https://www.ship-ubf.org/biblestudy/books/john/JN01AQ.doc,200,31232
john,JN01BM1.pdf,https://www.ship-ubf.org/biblestudy/books/john/JN01BM1.pdf,200,252539
john,JN01BM2.pdf,https://www.ship-ubf.org/biblestudy/books/john/JN01BM2.pdf,200,236299
john,JN01BQ.doc,https://www.ship-ubf.org/biblestudy/books/john/JN01BQ.doc,200,33792
john,JN02AM1.pdf,https://www.ship-ubf.org/biblestudy/books/john/JN02AM1.pdf,200,226843
john,JN02AM2.pdf,https://www.ship-ubf.org/biblestudy/books/john/JN02AM2.pdf,404,867
john,JN02AQ.doc,https://www.ship-ubf.org/biblestudy/books/john/JN02AQ.doc,200,37376
john,JN03AM1.pdf,https://www.ship-ubf.org/biblestudy/books/john/JN03AM1.pdf,200,199678
john,JN03AM2.pdf,https://www.ship-ubf.org/biblestudy/books/john/JN03AM2.pdf,200,272864
john,JN03AQ.doc,https://www.ship-ubf.org/biblestudy/books/john/JN03AQ.doc,200,23040
john,JN03BM.pdf,https://www.ship-ubf.org/biblestudy/books/john/JN03BM.pdf,200,268897
john,JN03BQ.doc,https://www.ship-ubf.org/biblestudy/books/john/JN03BQ.doc,200,30208
john,JN04AM.pdf,https://www.ship-ubf.org/biblestudy/books/john/JN04AM.pdf,200,227172
john,JN04AQ.doc,https://www.ship-ubf.org/biblestudy/books/john/JN04AQ.doc,200,21504
john,JN04BM.pdf,https://www.ship-ubf.org/biblestudy/books/john/JN04BM.pdf,200,193708
john,JN04BQ.doc,https://www.ship-ubf.org/biblestudy/books/john/JN04BQ.doc,200,32768
john,JN04CM.pdf,https://www.ship-ubf.org/biblestudy/books/john/JN04CM.pdf,200,262961
john,JN04CQ.doc,https://www.ship-ubf.org/biblestudy/books/john/JN04CQ.doc,200,35328
john,JN05AM.pdf,https://www.ship-ubf.org/biblestudy/books/john/JN05AM.pdf,200,145272
john,JN05AQ.doc,https://www.ship-ubf.org/biblestudy/books/john/JN05AQ.doc,200,52224
john,JN05BM.pdf,https://www.ship-ubf.org/biblestudy/books/john/JN05BM.pdf,200,129322
john,JN05BQ.doc,https://www.ship-ubf.org/biblestudy/books/john/JN05BQ.doc,200,33280
john,JN05CM.pdf,https://www.ship-ubf.org/biblestudy/books/john/JN05CM.pdf,200,127883
john,JN05CQ.doc,https://www.ship-ubf.org/biblestudy/books/john/JN05CQ.doc,200,33792
john,JN06AM.pdf,https://www.ship-ubf.org/biblestudy/books/john/JN06AM.pdf,200,131770
john,JN06AQ.doc,https://www.ship-ubf.org/biblestudy/books/john/JN06AQ.doc,200,31744
john,JN06BM.pdf,https://www.ship-ubf.org/biblestudy/books/john/JN06BM.pdf,200,122163
john,JN06BQ.doc,https://www.ship-ubf.org/biblestudy/books/john/JN06BQ.doc,200,31232
john,JN06CM.pdf,https://www.ship-ubf.org/biblestudy/books/john/JN06CM.pdf,200,127597
john,JN06CQ.doc,https://www.ship-ubf.org/biblestudy/books/john/JN06CQ.doc,200,20992
john,JN06DM.pdf,https://www.ship-ubf.org/biblestudy/books/john/JN06DM.pdf,200,152680
john,JN07AM.pdf,https://www.ship-ubf.org/biblestudy/books/john/JN07AM.pdf,200,100614
john,JN07AQ.doc,https://www.ship-ubf.org/biblestudy/books/john/JN07AQ.doc,200,22528
john,JN08AM.pdf,https://www.ship-ubf.org/biblestudy/books/john/JN08AM.pdf,200,105488
john,JN08AQ.doc,https://www.ship-ubf.org/biblestudy/books/john/JN08AQ.doc,200,32768
john,JN08BM.pdf,https://www.ship-ubf.org/biblestudy/books/john/JN08BM.pdf,200,132032
john,JN08BQ.doc,https://www.ship-ubf.org/biblestudy/books/john/JN08BQ.doc,200,30208
john,JN09AM.pdf,https://www.ship-ubf.org/biblestudy/books/john/JN09AM.pdf,200,33786
john,JN09AQ.doc,https://www.ship-ubf.org/biblestudy/books/john/JN09AQ.doc,200,26624
john,JN09BM.pdf,https://www.ship-ubf.org/biblestudy/books/john/JN09BM.pdf,200,130614
john,JN09BQ.doc,https://www.ship-ubf.org/biblestudy/books/john/JN09BQ.doc,200,31232
john,JN10AM.pdf,https://www.ship-ubf.org/biblestudy/books/john/JN10AM.pdf,200,162795
john,JN10AQ.doc,https://www.ship-ubf.org/biblestudy/books/john/JN10AQ.doc,200,32256
john,JN10BM.pdf,https://www.ship-ubf.org/biblestudy/books/john/JN10BM.pdf,200,100881
john,JN10BQ.doc,https://www.ship-ubf.org/biblestudy/books/john/JN10BQ.doc,200,30208
john,JN11AM.pdf,https://www.ship-ubf.org/biblestudy/books/john/JN11AM.pdf,200,102263
john,JN11AQ.doc,https://www.ship-ubf.org/biblestudy/books/john/JN11AQ.doc,200,28160
john,JN11BM.pdf,https://www.ship-ubf.org/biblestudy/books/john/JN11BM.pdf,200,140590
john,JN11BQ.doc,https://www.ship-ubf.org/biblestudy/books/john/JN11BQ.doc,200,26624
john,JN12AM.pdf,https://www.ship-ubf.org/biblestudy/books/john/JN12AM.pdf,200,162070
john,JN12AQ.doc,https://www.ship-ubf.org/biblestudy/books/john/JN12AQ.doc,200,28672
john,JN12BM1.pdf,https://www.ship-ubf.org/biblestudy/books/john/JN12BM1.pdf,200,163150
john,JN12BM2.pdf,https://www.ship-ubf.org/biblestudy/books/john/JN12BM2.pdf,200,141726
john,JN12BM3.pdf,https://www.ship-ubf.org/biblestudy/books/john/JN12BM3.pdf,200,136799
john,JN12BQ.doc,https://www.ship-ubf.org/biblestudy/books/john/JN12BQ.doc,200,28672
john,JN13AM.pdf,https://www.ship-ubf.org/biblestudy/books/john/JN13AM.pdf,200,115932
john,JN13AQ.doc,https://www.ship-ubf.org/biblestudy/books/john/JN13AQ.doc,200,28672
john,JN13BM.pdf,https://www.ship-ubf.org/biblestudy/books/john/JN13BM.pdf,200,110163
john,JN13BQ.doc,https://www.ship-ubf.org/biblestudy/books/john/JN13BQ.doc,200,24576
john,JN14AM.pdf,https://www.ship-ubf.org/biblestudy/books/john/JN14AM.pdf,200,105786
john,JN14AQ.doc,https://www.ship-ubf.org/biblestudy/books/john/JN14AQ.doc,200,31232
john,JN14BM.pdf,https://www.ship-ubf.org/biblestudy/books/john/JN14BM.pdf,200,108565
john,JN14BQ.doc,https://www.ship-ubf.org/biblestudy/books/john/JN14BQ.doc,200,28672
john,JN15AM.pdf,https://www.ship-ubf.org/biblestudy/books/john/JN15AM.pdf,200,103882
john,JN15AQ.doc,https://www.ship-ubf.org/biblestudy/books/john/JN15AQ.doc,200,29184
john,JN15BM1.pdf,https://www.ship-ubf.org/biblestudy/books/john/JN15BM1.pdf,200,115381
john,JN15BM2.pdf,https://www.ship-ubf.org/biblestudy/books/john/JN15BM2.pdf,200,106138
john,JN15BQ.doc,https://www.ship-ubf.org/biblestudy/books/john/JN15BQ.doc,200,23552
john,JN16AM.pdf,https://www.ship-ubf.org/biblestudy/books/john/JN16AM.pdf,200,107681
john,JN16AQ.doc,https://www.ship-ubf.org/biblestudy/books/john/JN16AQ.doc,404,867
john,JN16BM.pdf,https://www.ship-ubf.org/biblestudy/books/john/JN16BM.pdf,200,101919
john,JN17AQ.doc,https://www.ship-ubf.org/biblestudy/books/john/JN17AQ.doc,404,867
john,JN17MM.pdf,https://www.ship-ubf.org/biblestudy/books/john/JN17MM.pdf,200,120890
john,JN18MM.pdf,https://www.ship-ubf.org/biblestudy/books/john/JN18MM.pdf,200,114939
john,JN18QQ.doc,https://www.ship-ubf.org/biblestudy/books/john/JN18QQ.doc,200,30720
john,JN19MM.pdf,https://www.ship-ubf.org/biblestudy/books/john/JN19MM.pdf,200,112623
john,JN19QQ.doc,https://www.ship-ubf.org/biblestudy/books/john/JN19QQ.doc,200,28672
john,JN20MM.pdf,https://www.ship-ubf.org/biblestudy/books/john/JN20MM.pdf,200,100775
john,JN20QQ.doc,https://www.ship-ubf.org/biblestudy/books/john/JN20QQ.doc,200,30208
john,JN21AM.pdf,https://www.ship-ubf.org/biblestudy/books/john/JN21AM.pdf,200,100834
john,JN21BM.pdf,https://www.ship-ubf.org/biblestudy/books/john/JN21BM.pdf,200,98689
john,JN21QQ.doc,https://www.ship-ubf.org/biblestudy/books/john/JN21QQ.doc,200,30208
acts,ACT01AM.pdf,https://www.ship-ubf.org/biblestudy/books/acts/ACT01AM.pdf,200,189050
acts,ACT01AQ.doc,https://www.ship-ubf.org/biblestudy/books/acts/ACT01AQ.doc,200,25600
acts,ACT01BM.pdf,https://www.ship-ubf.org/biblestudy/books/acts/ACT01BM.pdf,200,119895
acts,ACT01BQ.doc,https://www.ship-ubf.org/biblestudy/books/acts/ACT01BQ.doc,200,25600
acts,ACT02AM.pdf,https://www.ship-ubf.org/biblestudy/books/acts/ACT02AM.pdf,200,184710
acts,ACT02AQ.doc,https://www.ship-ubf.org/biblestudy/books/acts/ACT02AQ.doc,200,30208
acts,ACT02BM.pdf,https://www.ship-ubf.org/biblestudy/books/acts/ACT02BM.pdf,200,85356
acts,ACT02BQ.doc,https://www.ship-ubf.org/biblestudy/books/acts/ACT02BQ.doc,200,32768
acts,ACT03MM.pdf,https://www.ship-ubf.org/biblestudy/books/acts/ACT03MM.pdf,200,191455
acts,ACT03QQ.doc,https://www.ship-ubf.org/biblestudy/books/acts/ACT03QQ.doc,200,26624
acts,ACT04AM.pdf,https://www.ship-ubf.org/biblestudy/books/acts/ACT04AM.pdf,200,184917
acts,ACT04AQ.doc,https://www.ship-ubf.org/biblestudy/books/acts/ACT04AQ.doc,200,24576
acts,ACT04BM.pdf,https://www.ship-ubf.org/biblestudy/books/acts/ACT04BM.pdf,404,867
acts,ACT04BQ.doc,https://www.ship-ubf.org/biblestudy/books/acts/ACT04BQ.doc,200,26112
acts,ACT05MM.pdf,https://www.ship-ubf.org/biblestudy/books/acts/ACT05MM.pdf,200,104118
acts,ACT05QQ.doc,https://www.ship-ubf.org/biblestudy/books/acts/ACT05QQ.doc,200,29696
acts,ACT06MM.pdf,https://www.ship-ubf.org/biblestudy/books/acts/ACT06MM.pdf,200,100373
acts,ACT06QQ.doc,https://www.ship-ubf.org/biblestudy/books/acts/ACT06QQ.doc,200,24576
acts,ACT07MM.pdf,https://www.ship-ubf.org/biblestudy/books/acts/ACT07MM.pdf,404,867
acts,ACT08AM.pdf,https://www.ship-ubf.org/biblestudy/books/acts/ACT08AM.pdf,200,101986
acts,ACT08BM.pdf,https://www.ship-ubf.org/biblestudy/books/acts/ACT08BM.pdf,200,107833
acts,ACT08QQ.doc,https://www.ship-ubf.org/biblestudy/books/acts/ACT08QQ.doc,200,30208
acts,ACT09AM.pdf,https://www.ship-ubf.org/biblestudy/books/acts/ACT09AM.pdf,200,189096
acts,ACT09AQ.doc,https://www.ship-ubf.org/biblestudy/books/acts/ACT09AQ.doc,200,25088
acts,ACT10MM.pdf,https://www.ship-ubf.org/biblestudy/books/acts/ACT10MM.pdf,200,192494
acts,ACT10QQ.doc,https://www.ship-ubf.org/biblestudy/books/acts/ACT10QQ.doc,200,24064
acts,ACT11MM.pdf,https://www.ship-ubf.org/biblestudy/books/acts/ACT11MM.pdf,200,232857
acts,ACT11QQ.doc,https://www.ship-ubf.org/biblestudy/books/acts/ACT11QQ.doc,200,23552
acts,ACT12MM.pdf,https://www.ship-ubf.org/biblestudy/books/acts/ACT12MM.pdf,404,867
acts,ACT12QQ.doc,https://www.ship-ubf.org/biblestudy/books/acts/ACT12QQ.doc,200,29184
acts,ACT13AM.pdf,https://www.ship-ubf.org/biblestudy/books/acts/ACT13AM.pdf,200,105067
acts,ACT13AQ.doc,https://www.ship-ubf.org/biblestudy/books/acts/ACT13AQ.doc,200,27136
acts,ACT13BM.pdf,https://www.ship-ubf.org/biblestudy/books/acts/ACT13BM.pdf,404,867
acts,ACT13BQ.doc,https://www.ship-ubf.org/biblestudy/books/acts/ACT13BQ.doc,200,25088
acts,ACT14MM.pdf,https://www.ship-ubf.org/biblestudy/books/acts/ACT14MM.pdf,200,104399
acts,ACT14QQ.doc,https://www.ship-ubf.org/biblestudy/books/acts/ACT14QQ.doc,200,30208
acts,ACT15MM.pdf,https://www.ship-ubf.org/biblestudy/books/acts/ACT15MM.pdf,200,159155
acts,ACT15QQ.doc,https://www.ship-ubf.org/biblestudy/books/acts/ACT15QQ.doc,200,28160
acts,ACT16MM.pdf,https://www.ship-ubf.org/biblestudy/books/acts/ACT16MM.pdf,200,107868
acts,ACT16QQ.doc,https://www.ship-ubf.org/biblestudy/books/acts/ACT16QQ.doc,200,27648
acts,ACT17MM.pdf,https://www.ship-ubf.org/biblestudy/books/acts/ACT17MM.pdf,200,106899
acts,ACT17QQ.doc,https://www.ship-ubf.org/biblestudy/books/acts/ACT17QQ.doc,200,27648
acts,ACT18MM.pdf,https://www.ship-ubf.org/biblestudy/books/acts/ACT18MM.pdf,200,115028
acts,ACT18QQ.doc,https://www.ship-ubf.org/biblestudy/books/acts/ACT18QQ.doc,200,25600
acts,ACT19MM.pdf,https://www.ship-ubf.org/biblestudy/books/acts/ACT19MM.pdf,200,104767
acts,ACT19QQ.doc,https://www.ship-ubf.org/biblestudy/books/acts/ACT19QQ.doc,200,27136
acts,ACT20MM.pdf,https://www.ship-ubf.org/biblestudy/books/acts/ACT20MM.pdf,200,114922
acts,ACT20QQ.doc,https://www.ship-ubf.org/biblestudy/books/acts/ACT20QQ.doc,200,38400
acts,ACT21MM.pdf,https://www.ship-ubf.org/biblestudy/books/acts/ACT21MM.pdf,200,100028
acts,ACT21QQ.doc,https://www.ship-ubf.org/biblestudy/books/acts/ACT21QQ.doc,200,35840
acts,ACT22MM.pdf,https://www.ship-ubf.org/biblestudy/books/acts/ACT22MM.pdf,200,142617
acts,ACT22QQ.doc,https://www.ship-ubf.org/biblestudy/books/acts/ACT22QQ.doc,200,40960
acts,ACT23MM.pdf,https://www.ship-ubf.org/biblestudy/books/acts/ACT23MM.pdf,200,99561
acts,ACT23QQ.doc,https://www.ship-ubf.org/biblestudy/books/acts/ACT23QQ.doc,200,37376
acts,ACT24MM.pdf,https://www.ship-ubf.org/biblestudy/books/acts/ACT24MM.pdf,200,107636
acts,ACT24QQ.doc,https://www.ship-ubf.org/biblestudy/books/acts/ACT24QQ.doc,200,37888
acts,ACT25MM.pdf,https://www.ship-ubf.org/biblestudy/books/acts/ACT25MM.pdf,200,107588
acts,ACT25QQ.doc,https://www.ship-ubf.org/biblestudy/books/acts/ACT25QQ.doc,200,38912
acts,ACT26MM.pdf,https://www.ship-ubf.org/biblestudy/books/acts/ACT26MM.pdf,200,107658
acts,ACT26QQ.doc,https://www.ship-ubf.org/biblestudy/books/acts/ACT26QQ.doc,200,40448
acts,ACT27MM.pdf,https://www.ship-ubf.org/biblestudy/books/acts/ACT27MM.pdf,200,104146
acts,ACT27QQ.doc,https://www.ship-ubf.org/biblestudy/books/acts/ACT27QQ.doc,200,41984
acts,ACT28MM.pdf,https://www.ship-ubf.org/biblestudy/books/acts/ACT28MM.pdf,200,103955
acts,ACT28QQ.doc,https://www.ship-ubf.org/biblestudy/books/acts/ACT28QQ.doc,200,49152
acts,ac07qq.doc,https://www.ship-ubf.org/biblestudy/books/acts/ac07qq.doc,404,867
acts,paulsmission.pdf,https://www.ship-ubf.org/biblestudy/books/acts/paulsmission.pdf,200,272644
romans,RO00AM.pdf,https://www.ship-ubf.org/biblestudy/books/romans/RO00AM.pdf,200,101306
romans,RO01AM.pdf,https://www.ship-ubf.org/biblestudy/books/romans/RO01AM.pdf,200,156328
romans,RO01AQ.doc,https://www.ship-ubf.org/biblestudy/books/romans/RO01AQ.doc,200,25600
romans,RO01BM.pdf,https://www.ship-ubf.org/biblestudy/books/romans/RO01BM.pdf,200,154910
romans,RO01BQ.doc,https://www.ship-ubf.org/biblestudy/books/romans/RO01BQ.doc,200,33792
romans,RO01CM.pdf,https://www.ship-ubf.org/biblestudy/books/romans/RO01CM.pdf,200,139908
romans,RO02MM.pdf,https://www.ship-ubf.org/biblestudy/books/romans/RO02MM.pdf,200,109684
romans,RO02QQ.doc,https://www.ship-ubf.org/biblestudy/books/romans/RO02QQ.doc,200,32256
romans,RO03AM.pdf,https://www.ship-ubf.org/biblestudy/books/romans/RO03AM.pdf,200,99464
romans,RO03AQ.doc,https://www.ship-ubf.org/biblestudy/books/romans/RO03AQ.doc,200,32256
romans,RO03BM.pdf,https://www.ship-ubf.org/biblestudy/books/romans/RO03BM.pdf,200,208132
romans,RO03BQ.doc,https://www.ship-ubf.org/biblestudy/books/romans/RO03BQ.doc,200,33280
romans,RO04MM.pdf,https://www.ship-ubf.org/biblestudy/books/romans/RO04MM.pdf,200,108265
romans,RO04QQ.doc,https://www.ship-ubf.org/biblestudy/books/romans/RO04QQ.doc,200,32768
romans,RO05BM.pdf,https://www.ship-ubf.org/biblestudy/books/romans/RO05BM.pdf,200,97706
romans,RO05QQ.doc,https://www.ship-ubf.org/biblestudy/books/romans/RO05QQ.doc,200,36864
romans,RO06AM.pdf,https://www.ship-ubf.org/biblestudy/books/romans/RO06AM.pdf,200,138496
romans,RO06BM.pdf,https://www.ship-ubf.org/biblestudy/books/romans/RO06BM.pdf,200,148943
romans,RO06QQ.doc,https://www.ship-ubf.org/biblestudy/books/romans/RO06QQ.doc,200,31744
romans,RO07AM.pdf,https://www.ship-ubf.org/biblestudy/books/romans/RO07AM.pdf,200,133278
romans,RO07BM.pdf,https://www.ship-ubf.org/biblestudy/books/romans/RO07BM.pdf,200,96897
romans,RO07QQ.doc,https://www.ship-ubf.org/biblestudy/books/romans/RO07QQ.doc,200,30208
romans,RO08AQ.doc,https://www.ship-ubf.org/biblestudy/books/romans/RO08AQ.doc,200,27648
romans,RO08BM.pdf,https://www.ship-ubf.org/biblestudy/books/romans/RO08BM.pdf,200,124836
romans,RO08BQ.doc,https://www.ship-ubf.org/biblestudy/books/romans/RO08BQ.doc,200,26112
romans,RO09MM.pdf,https://www.ship-ubf.org/biblestudy/books/romans/RO09MM.pdf,200,158171
romans,RO09QQ.doc,https://www.ship-ubf.org/biblestudy/books/romans/RO09QQ.doc,200,27648
romans,RO10AM.pdf,https://www.ship-ubf.org/biblestudy/books/romans/RO10AM.pdf,200,140672
romans,RO10QQ.doc,https://www.ship-ubf.org/biblestudy/books/romans/RO10QQ.doc,200,26624
romans,RO11AM.pdf,https://www.ship-ubf.org/biblestudy/books/romans/RO11AM.pdf,200,148311
romans,RO11AQ.doc,https://www.ship-ubf.org/biblestudy/books/romans/RO11AQ.doc,200,24576
romans,RO11BQ.doc,https://www.ship-ubf.org/biblestudy/books/romans/RO11BQ.doc,200,25600
romans,RO12AM.pdf,https://www.ship-ubf.org/biblestudy/books/romans/RO12AM.pdf,200,187631
romans,RO12BM.pdf,https://www.ship-ubf.org/biblestudy/books/romans/RO12BM.pdf,200,105116
romans,RO12QQ.doc,https://www.ship-ubf.org/biblestudy/books/romans/RO12QQ.doc,200,25088
romans,RO13MM.pdf,https://www.ship-ubf.org/biblestudy/books/romans/RO13MM.pdf,200,220963
romans,RO13QQ.doc,https://www.ship-ubf.org/biblestudy/books/romans/RO13QQ.doc,200,26624
romans,RO14MM.pdf,https://www.ship-ubf.org/biblestudy/books/romans/RO14MM.pdf,200,92124
romans,RO14QQ.doc,https://www.ship-ubf.org/biblestudy/books/romans/RO14QQ.doc,200,26624
romans,RO15AM.pdf,https://www.ship-ubf.org/biblestudy/books/romans/RO15AM.pdf,200,157177
romans,RO15AQ.doc,https://www.ship-ubf.org/biblestudy/books/romans/RO15AQ.doc,200,26112
romans,RO15BM.pdf,https://www.ship-ubf.org/biblestudy/books/romans/RO15BM.pdf,200,102601
romans,RO15BQ.doc,https://www.ship-ubf.org/biblestudy/books/romans/RO15BQ.doc,200,27648
romans,RO16MM.pdf,https://www.ship-ubf.org/biblestudy/books/romans/RO16MM.pdf,200,104369
romans,RO16QQ.doc,https://www.ship-ubf.org/biblestudy/books/romans/RO16QQ.doc,200,27648
corinthians1,1COR01MM.pdf,https://www.ship-ubf.org/biblestudy/books/corinthians1/1COR01MM.pdf,404,867
corinthians1,1COR01QQ.doc,https://www.ship-ubf.org/biblestudy/books/corinthians1/1COR01QQ.doc,200,27136
corinthians1,1COR02MM.pdf,https://www.ship-ubf.org/biblestudy/books/corinthians1/1COR02MM.pdf,200,112090
corinthians1,1COR02QQ.doc,https://www.ship-ubf.org/biblestudy/books/corinthians1/1COR02QQ.doc,200,25600
corinthians1,1COR03MM.pdf,https://www.ship-ubf.org/biblestudy/books/corinthians1/1COR03MM.pdf,404,867
corinthians1,1COR03QQ.doc,https://www.ship-ubf.org/biblestudy/books/corinthians1/1COR03QQ.doc,200,28160
corinthians1,1COR04MM.pdf,https://www.ship-ubf.org/biblestudy/books/corinthians1/1COR04MM.pdf,404,867
corinthians1,1COR04QQ.doc,https://www.ship-ubf.org/biblestudy/books/corinthians1/1COR04QQ.doc,200,25600
corinthians1,1COR05MM.pdf,https://www.ship-ubf.org/biblestudy/books/corinthians1/1COR05MM.pdf,200,179119
corinthians1,1COR05QQ.doc,https://www.ship-ubf.org/biblestudy/books/corinthians1/1COR05QQ.doc,200,25600
corinthians1,1COR06MM.pdf,https://www.ship-ubf.org/biblestudy/books/corinthians1/1COR06MM.pdf,200,288889
corinthians1,1COR06QQ.doc,https://www.ship-ubf.org/biblestudy/books/corinthians1/1COR06QQ.doc,200,27136
corinthians1,1COR07MM.pdf,https://www.ship-ubf.org/biblestudy/books/corinthians1/1COR07MM.pdf,404,867
corinthians1,1COR07QQ.doc,https://www.ship-ubf.org/biblestudy/books/corinthians1/1COR07QQ.doc,200,38912
corinthians1,1COR08MM.pdf,https://www.ship-ubf.org/biblestudy/books/corinthians1/1COR08MM.pdf,404,867
corinthians1,1COR08QQ.doc,https://www.ship-ubf.org/biblestudy/books/corinthians1/1COR08QQ.doc,200,28672
corinthians1,1COR10AQ.doc,https://www.ship-ubf.org/biblestudy/books/corinthians1/1COR10AQ.doc,200,29184
corinthians1,1COR11AQ.doc,https://www.ship-ubf.org/biblestudy/books/corinthians1/1COR11AQ.doc,200,31232
corinthians1,1COR12AQ.doc,https://www.ship-ubf.org/biblestudy/books/corinthians1/1COR12AQ.doc,200,29696
corinthians1,1COR13AQ.doc,https://www.ship-ubf.org/biblestudy/books/corinthians1/1COR13AQ.doc,200,29696
corinthians1,1COR14AQ.doc,https://www.ship-ubf.org/biblestudy/books/corinthians1/1COR14AQ.doc,200,31232
corinthians1,1COR14MM.pdf,https://www.ship-ubf.org/biblestudy/books/corinthians1/1COR14MM.pdf,404,867
corinthians1,1COR15AQ.doc,https://www.ship-ubf.org/biblestudy/books/corinthians1/1COR15AQ.doc,200,32768
corinthians1,1COR15BQ.doc,https://www.ship-ubf.org/biblestudy/books/corinthians1/1COR15BQ.doc,200,32768
corinthians1,1COR15CQ.doc,https://www.ship-ubf.org/biblestudy/books/corinthians1/1COR15CQ.doc,200,29696
corinthians1,1COR16AQ.doc,https://www.ship-ubf.org/biblestudy/books/corinthians1/1COR16AQ.doc,200,29696
corinthians2,2COR01AQ.doc,https://www.ship-ubf.org/biblestudy/books/corinthians2/2COR01AQ.doc,200,30208
corinthians2,2COR02AQ.doc,https://www.ship-ubf.org/biblestudy/books/corinthians2/2COR02AQ.doc,200,28672
corinthians2,2COR03AQ.doc,https://www.ship-ubf.org/biblestudy/books/corinthians2/2COR03AQ.doc,200,29696
corinthians2,2COR04AQ.doc,https://www.ship-ubf.org/biblestudy/books/corinthians2/2COR04AQ.doc,200,31744
corinthians2,2COR05AQ.doc,https://www.ship-ubf.org/biblestudy/books/corinthians2/2COR05AQ.doc,200,33280
corinthians2,2COR05BQ.doc,https://www.ship-ubf.org/biblestudy/books/corinthians2/2COR05BQ.doc,200,34816
corinthians2,2COR06AQ.doc,https://www.ship-ubf.org/biblestudy/books/corinthians2/2COR06AQ.doc,200,31744
corinthians2,2COR08AQ.doc,https://www.ship-ubf.org/biblestudy/books/corinthians2/2COR08AQ.doc,200,33280
corinthians2,2COR08BQ.doc,https://www.ship-ubf.org/biblestudy/books/corinthians2/2COR08BQ.doc,200,36352
corinthians2,2COR10AQ.doc,https://www.ship-ubf.org/biblestudy/books/corinthians2/2COR10AQ.doc,200,32768
corinthians2,2COR11AQ.doc,https://www.ship-ubf.org/biblestudy/books/corinthians2/2COR11AQ.doc,200,33792
corinthians2,2COR12AQ.doc,https://www.ship-ubf.org/biblestudy/books/corinthians2/2COR12AQ.doc,200,33792
galatians,Gal00Intro.pdf,https://www.ship-ubf.org/biblestudy/books/galatians/Gal00Intro.pdf,200,129024
galatians,Gal01AM.pdf,https://www.ship-ubf.org/biblestudy/books/galatians/Gal01AM.pdf,200,250536
galatians,Gal01AQ.doc,https://www.ship-ubf.org/biblestudy/books/galatians/Gal01AQ.doc,200,31232
galatians,Gal02AM.pdf,https://www.ship-ubf.org/biblestudy/books/galatians/Gal02AM.pdf,200,218866
galatians,Gal02AQ.doc,https://www.ship-ubf.org/biblestudy/books/galatians/Gal02AQ.doc,200,33792
galatians,Gal02BM.pdf,https://www.ship-ubf.org/biblestudy/books/galatians/Gal02BM.pdf,200,273752
galatians,Gal02BQ.doc,https://www.ship-ubf.org/biblestudy/books/galatians/Gal02BQ.doc,200,31744
galatians,Gal03AM.pdf,https://www.ship-ubf.org/biblestudy/books/galatians/Gal03AM.pdf,200,207651
galatians,Gal03AQ.doc,https://www.ship-ubf.org/biblestudy/books/galatians/Gal03AQ.doc,200,34816
galatians,Gal03BM.pdf,https://www.ship-ubf.org/biblestudy/books/galatians/Gal03BM.pdf,200,111004
galatians,Gal03BQ.doc,https://www.ship-ubf.org/biblestudy/books/galatians/Gal03BQ.doc,200,32768
galatians,Gal04AM.pdf,https://www.ship-ubf.org/biblestudy/books/galatians/Gal04AM.pdf,200,263892
galatians,Gal04AQ.doc,https://www.ship-ubf.org/biblestudy/books/galatians/Gal04AQ.doc,200,32256
galatians,Gal04BM.pdf,https://www.ship-ubf.org/biblestudy/books/galatians/Gal04BM.pdf,200,136295
galatians,Gal04BQ.doc,https://www.ship-ubf.org/biblestudy/books/galatians/Gal04BQ.doc,200,32768
galatians,Gal05AM.pdf,https://www.ship-ubf.org/biblestudy/books/galatians/Gal05AM.pdf,200,86628
galatians,Gal05AQ.doc,https://www.ship-ubf.org/biblestudy/books/galatians/Gal05AQ.doc,200,32768
galatians,Gal05BM.pdf,https://www.ship-ubf.org/biblestudy/books/galatians/Gal05BM.pdf,200,175874
galatians,Gal05BQ.doc,https://www.ship-ubf.org/biblestudy/books/galatians/Gal05BQ.doc,200,34816
galatians,Gal06AM.pdf,https://www.ship-ubf.org/biblestudy/books/galatians/Gal06AM.pdf,200,232511
galatians,Gal06AQ.doc,https://www.ship-ubf.org/biblestudy/books/galatians/Gal06AQ.doc,200,34304
galatians,Gal06BM.pdf,https://www.ship-ubf.org/biblestudy/books/galatians/Gal06BM.pdf,200,86654
galatians,Gal06BQ.doc,https://www.ship-ubf.org/biblestudy/books/galatians/Gal06BQ.doc,200,34816
ephesians,EPH1QQ.doc,https://www.ship-ubf.org/biblestudy/books/ephesians/EPH1QQ.doc,200,26112
ephesians,EPH2QQ.doc,https://www.ship-ubf.org/biblestudy/books/ephesians/EPH2QQ.doc,200,26112
ephesians,EPH3QQ.doc,https://www.ship-ubf.org/biblestudy/books/ephesians/EPH3QQ.doc,200,26624
ephesians,EPH4QQ.doc,https://www.ship-ubf.org/biblestudy/books/ephesians/EPH4QQ.doc,200,51712
ephesians,EPH5QQ.doc,https://www.ship-ubf.org/biblestudy/books/ephesians/EPH5QQ.doc,200,29696
ephesians,EPH6AQ.doc,https://www.ship-ubf.org/biblestudy/books/ephesians/EPH6AQ.doc,200,27648
ephesians,EPH6BQ.doc,https://www.ship-ubf.org/biblestudy/books/ephesians/EPH6BQ.doc,200,32256
philippians,php01QQ.doc,https://www.ship-ubf.org/biblestudy/books/philippians/php01QQ.doc,200,19968
philippians,php02QQ.doc,https://www.ship-ubf.org/biblestudy/books/philippians/php02QQ.doc,200,19968
philippians,php03QQ.doc,https://www.ship-ubf.org/biblestudy/books/philippians/php03QQ.doc,200,19968
philippians,php04QQ.doc,https://www.ship-ubf.org/biblestudy/books/philippians/php04QQ.doc,200,20992
timothy1,1TIM01AM.pdf,https://www.ship-ubf.org/biblestudy/books/timothy1/1TIM01AM.pdf,200,114069
timothy1,1TIM01AQ.doc,https://www.ship-ubf.org/biblestudy/books/timothy1/1TIM01AQ.doc,200,29696
timothy1,1TIM01BM.pdf,https://www.ship-ubf.org/biblestudy/books/timothy1/1TIM01BM.pdf,200,46803
timothy1,1TIM01BQ.doc,https://www.ship-ubf.org/biblestudy/books/timothy1/1TIM01BQ.doc,200,29184
timothy1,1TIM02AM.pdf,https://www.ship-ubf.org/biblestudy/books/timothy1/1TIM02AM.pdf,200,95850
timothy1,1TIM02QQ.doc,https://www.ship-ubf.org/biblestudy/books/timothy1/1TIM02QQ.doc,200,31744
timothy1,1TIM03MM.pdf,https://www.ship-ubf.org/biblestudy/books/timothy1/1TIM03MM.pdf,404,867
timothy1,1TIM03QQ.doc,https://www.ship-ubf.org/biblestudy/books/timothy1/1TIM03QQ.doc,200,32256
timothy1,1TIM04MM.pdf,https://www.ship-ubf.org/biblestudy/books/timothy1/1TIM04MM.pdf,200,47276
timothy1,1TIM04QQ.doc,https://www.ship-ubf.org/biblestudy/books/timothy1/1TIM04QQ.doc,200,34304
timothy1,1TIM05MM.pdf,https://www.ship-ubf.org/biblestudy/books/timothy1/1TIM05MM.pdf,200,47063
timothy1,1TIM05QQ.doc,https://www.ship-ubf.org/biblestudy/books/timothy1/1TIM05QQ.doc,200,34304
timothy1,1TIM06MM.pdf,https://www.ship-ubf.org/biblestudy/books/timothy1/1TIM06MM.pdf,404,867
timothy1,1TIM06QQ.doc,https://www.ship-ubf.org/biblestudy/books/timothy1/1TIM06QQ.doc,200,34816
timothy1,1TIM_intro.pdf,https://www.ship-ubf.org/biblestudy/books/timothy1/1TIM_intro.pdf,200,52848
timothy2,2TIM01MM.pdf,https://www.ship-ubf.org/biblestudy/books/timothy2/2TIM01MM.pdf,404,867
timothy2,2TIM01QQ.doc,https://www.ship-ubf.org/biblestudy/books/timothy2/2TIM01QQ.doc,200,28672
timothy2,2TIM02MM.pdf,https://www.ship-ubf.org/biblestudy/books/timothy2/2TIM02MM.pdf,404,867
timothy2,2TIM02QQ.doc,https://www.ship-ubf.org/biblestudy/books/timothy2/2TIM02QQ.doc,200,28160
timothy2,2TIM03MM.pdf,https://www.ship-ubf.org/biblestudy/books/timothy2/2TIM03MM.pdf,404,867
timothy2,2TIM03QQ.doc,https://www.ship-ubf.org/biblestudy/books/timothy2/2TIM03QQ.doc,200,31232
timothy2,2TIM04QQ.doc,https://www.ship-ubf.org/biblestudy/books/timothy2/2TIM04QQ.doc,200,31232
timothy2,2TIM_intro.pdf,https://www.ship-ubf.org/biblestudy/books/timothy2/2TIM_intro.pdf,200,52590
titus,TITUS01QQ.doc,https://www.ship-ubf.org/biblestudy/books/titus/TITUS01QQ.doc,200,28160
titus,TITUS02QQ.doc,https://www.ship-ubf.org/biblestudy/books/titus/TITUS02QQ.doc,200,24576
titus,TITUS03QQ.doc,https://www.ship-ubf.org/biblestudy/books/titus/TITUS03QQ.doc,200,25088
philemon,PHILEMON01M.doc,https://www.ship-ubf.org/biblestudy/books/philemon/PHILEMON01M.doc,200,47616
philemon,PHILEMON01Q.doc,https://www.ship-ubf.org/biblestudy/books/philemon/PHILEMON01Q.doc,200,27648
hebrews,HEB01QQ.doc,https://www.ship-ubf.org/biblestudy/books/hebrews/HEB01QQ.doc,200,26624
hebrews,HEB03QQ.doc,https://www.ship-ubf.org/biblestudy/books/hebrews/HEB03QQ.doc,200,30720
hebrews,HEB04QQ.doc,https://www.ship-ubf.org/biblestudy/books/hebrews/HEB04QQ.doc,200,22016
hebrews,HEB08QQ.doc,https://www.ship-ubf.org/biblestudy/books/hebrews/HEB08QQ.doc,200,31232
hebrews,HEB09QQ.doc,https://www.ship-ubf.org/biblestudy/books/hebrews/HEB09QQ.doc,200,30720
hebrews,HEB11AQ.doc,https://www.ship-ubf.org/biblestudy/books/hebrews/HEB11AQ.doc,200,20992
hebrews,HEB11BQ.doc,https://www.ship-ubf.org/biblestudy/books/hebrews/HEB11BQ.doc,200,24064
hebrews,HEB11CQ.doc,https://www.ship-ubf.org/biblestudy/books/hebrews/HEB11CQ.doc,200,24064
hebrews,HEB11DQ.doc,https://www.ship-ubf.org/biblestudy/books/hebrews/HEB11DQ.doc,200,29696
hebrews,HEB12QQ.doc,https://www.ship-ubf.org/biblestudy/books/hebrews/HEB12QQ.doc,200,27136
hebrews,HEB13QQ.doc,https://www.ship-ubf.org/biblestudy/books/hebrews/HEB13QQ.doc,200,22528
james,jam01qq.doc,https://www.ship-ubf.org/biblestudy/books/james/jam01qq.doc,200,22016
james,jam02qq.doc,https://www.ship-ubf.org/biblestudy/books/james/jam02qq.doc,200,20480
james,jam03qq.doc,https://www.ship-ubf.org/biblestudy/books/james/jam03qq.doc,200,20992
james,jam04qq.doc,https://www.ship-ubf.org/biblestudy/books/james/jam04qq.doc,200,20992
james,jam05qq.doc,https://www.ship-ubf.org/biblestudy/books/james/jam05qq.doc,200,31232
peter12,1PE01AM.pdf,https://www.ship-ubf.org/biblestudy/books/peter12/1PE01AM.pdf,200,314708
peter12,1PE01AQ.doc,https://www.ship-ubf.org/biblestudy/books/peter12/1PE01AQ.doc,200,33792
peter12,1PE01BM.pdf,https://www.ship-ubf.org/biblestudy/books/peter12/1PE01BM.pdf,404,867
peter12,1PE01BQ.doc,https://www.ship-ubf.org/biblestudy/books/peter12/1PE01BQ.doc,200,33280
peter12,1PE02AM.pdf,https://www.ship-ubf.org/biblestudy/books/peter12/1PE02AM.pdf,404,867
peter12,1PE02QQ.doc,https://www.ship-ubf.org/biblestudy/books/peter12/1PE02QQ.doc,200,27136
peter12,1PE03MM.pdf,https://www.ship-ubf.org/biblestudy/books/peter12/1PE03MM.pdf,404,867
peter12,1PE03QQ.doc,https://www.ship-ubf.org/biblestudy/books/peter12/1PE03QQ.doc,200,26624
peter12,1PE04MM.pdf,https://www.ship-ubf.org/biblestudy/books/peter12/1PE04MM.pdf,404,867
peter12,1PE04QQ.doc,https://www.ship-ubf.org/biblestudy/books/peter12/1PE04QQ.doc,200,31744
peter12,1PE05MM.pdf,https://www.ship-ubf.org/biblestudy/books/peter12/1PE05MM.pdf,404,867
peter12,1PE05QQ.doc,https://www.ship-ubf.org/biblestudy/books/peter12/1PE05QQ.doc,200,26624
peter12,1PE_intro.pdf,https://www.ship-ubf.org/biblestudy/books/peter12/1PE_intro.pdf,200,199959
peter12,2PE01MM.pdf,https://www.ship-ubf.org/biblestudy/books/peter12/2PE01MM.pdf,404,867
peter12,2PE01QQ.doc,https://www.ship-ubf.org/biblestudy/books/peter12/2PE01QQ.doc,200,36352
peter12,2PE02MM.pdf,https://www.ship-ubf.org/biblestudy/books/peter12/2PE02MM.pdf,404,867
peter12,2PE02QQ.doc,https://www.ship-ubf.org/biblestudy/books/peter12/2PE02QQ.doc,200,34304
peter12,2PE03MM.pdf,https://www.ship-ubf.org/biblestudy/books/peter12/2PE03MM.pdf,404,867
peter12,2PE03QQ.doc,https://www.ship-ubf.org/biblestudy/books/peter12/2PE03QQ.doc,200,55808
peter12,2PE_intro.pdf,https://www.ship-ubf.org/biblestudy/books/peter12/2PE_intro.pdf,200,132400
john123,1JN1QQ.doc,https://www.ship-ubf.org/biblestudy/books/john123/1JN1QQ.doc,200,14336
john123,1JN2QQ.doc,https://www.ship-ubf.org/biblestudy/books/john123/1JN2QQ.doc,200,22016
john123,1JN3QQ.doc,https://www.ship-ubf.org/biblestudy/books/john123/1JN3QQ.doc,200,22016
john123,1JN4AQ.doc,https://www.ship-ubf.org/biblestudy/books/john123/1JN4AQ.doc,200,23040
john123,1JN4BQ.doc,https://www.ship-ubf.org/biblestudy/books/john123/1JN4BQ.doc,200,20992
john123,1JN5QQ.doc,https://www.ship-ubf.org/biblestudy/books/john123/1JN5QQ.doc,200,20480
john123,2JN1QQ.doc,https://www.ship-ubf.org/biblestudy/books/john123/2JN1QQ.doc,200,19968
john123,3JN1QQ.doc,https://www.ship-ubf.org/biblestudy/books/john123/3JN1QQ.doc,200,20480
revelation,Introduction to Revelation.pdf,https://www.ship-ubf.org/biblestudy/books/revelation/Introduction to Revelation.pdf,000,0
revelation,REV01MM.pdf,https://www.ship-ubf.org/biblestudy/books/revelation/REV01MM.pdf,200,130007
revelation,REV02AM_Ephesus.pdf,https://www.ship-ubf.org/biblestudy/books/revelation/REV02AM_Ephesus.pdf,200,157559
revelation,REV02BM_Smyrna.pdf,https://www.ship-ubf.org/biblestudy/books/revelation/REV02BM_Smyrna.pdf,200,153837
revelation,REV02CM_Pergamum.pdf,https://www.ship-ubf.org/biblestudy/books/revelation/REV02CM_Pergamum.pdf,200,159334
revelation,REV02DM_Thyatira.pdf,https://www.ship-ubf.org/biblestudy/books/revelation/REV02DM_Thyatira.pdf,200,164016
revelation,REV03AM_Sardis.pdf,https://www.ship-ubf.org/biblestudy/books/revelation/REV03AM_Sardis.pdf,200,170061
revelation,REV03BM_Philadelphia.pdf,https://www.ship-ubf.org/biblestudy/books/revelation/REV03BM_Philadelphia.pdf,200,124366
revelation,REV03CM_Laodicea.pdf,https://www.ship-ubf.org/biblestudy/books/revelation/REV03CM_Laodicea.pdf,200,159913
revelation,Rev01QQ.doc,https://www.ship-ubf.org/biblestudy/books/revelation/Rev01QQ.doc,200,34816
revelation,Rev02QQ.doc,https://www.ship-ubf.org/biblestudy/books/revelation/Rev02QQ.doc,200,22528
revelation,Rev03QQ.doc,https://www.ship-ubf.org/biblestudy/books/revelation/Rev03QQ.doc,200,23040
revelation,Rev04QQ.doc,https://www.ship-ubf.org/biblestudy/books/revelation/Rev04QQ.doc,200,23552
revelation,Rev06QQ.doc,https://www.ship-ubf.org/biblestudy/books/revelation/Rev06QQ.doc,200,23552
revelation,Rev07QQ.doc,https://www.ship-ubf.org/biblestudy/books/revelation/Rev07QQ.doc,200,37888
revelation,Rev08QQ.doc,https://www.ship-ubf.org/biblestudy/books/revelation/Rev08QQ.doc,200,38912
revelation,Rev10QQ.doc,https://www.ship-ubf.org/biblestudy/books/revelation/Rev10QQ.doc,200,27136
revelation,Rev12QQ.doc,https://www.ship-ubf.org/biblestudy/books/revelation/Rev12QQ.doc,200,26112
revelation,Rev13QQ.doc,https://www.ship-ubf.org/biblestudy/books/revelation/Rev13QQ.doc,200,27136
revelation,Rev14QQ.doc,https://www.ship-ubf.org/biblestudy/books/revelation/Rev14QQ.doc,200,27648
revelation,Rev15QQ.doc,https://www.ship-ubf.org/biblestudy/books/revelation/Rev15QQ.doc,200,33280
revelation,Rev17QQ.doc,https://www.ship-ubf.org/biblestudy/books/revelation/Rev17QQ.doc,200,33280
revelation,Rev19QQ.doc,https://www.ship-ubf.org/biblestudy/books/revelation/Rev19QQ.doc,200,47104
revelation,Rev20QQ.doc,https://www.ship-ubf.org/biblestudy/books/revelation/Rev20QQ.doc,200,35328
revelation,Rev21QQ.doc,https://www.ship-ubf.org/biblestudy/books/revelation/Rev21QQ.doc,200,43008
revelation,Rev22QQ.doc,https://www.ship-ubf.org/biblestudy/books/revelation/Rev22QQ.doc,200,37376
