book,href
genesis,100/
genesis,GEN01AQ.doc
genesis,GEN01BQ.doc
genesis,GEN02QQ.doc
genesis,GEN03QQ.doc
genesis,GEN04QQ.doc
genesis,GEN06QQ.doc
genesis,GEN08QQ.doc
genesis,GEN12QQ.doc
genesis,GEN13QQ.doc
genesis,GEN14QQ.doc
genesis,GEN15QQ.doc
genesis,GEN16QQ.doc
genesis,GEN18QQ.doc
genesis,GEN20QQ.doc
genesis,GEN22QQ.doc
genesis,GEN24QQ.doc
genesis,GEN25QQ.doc
genesis,GEN26QQ.doc
genesis,GEN27QQ.doc
genesis,GEN29QQ.doc
genesis,GEN31QQ.doc
genesis,GEN32QQ.doc
genesis,GEN33QQ.doc
genesis,GEN37QQ.doc
genesis,GEN40QQ.doc
genesis,GEN42QQ.doc
genesis,GEN45QQ.doc
genesis,index.html
exodus,EX01QQ.DOC
exodus,EX02QQ.DOC
exodus,EX03QQ.DOC
exodus,EX04QQ.DOC
exodus,EX05QQ.DOC
exodus,EX06QQ.DOC
exodus,EX07QQ.DOC
exodus,EX08QQ.DOC
exodus,EX09QQ.DOC
leviticus,LEV01QQ.doc
leviticus,LEV04QQ.doc
leviticus,LEV06QQ.doc
leviticus,LEV08QQ.doc
leviticus,LEV09MM.pdf
leviticus,LEV09QQ.doc
leviticus,LEV11QQ.doc
leviticus,LEV16QQ.doc
leviticus,LEV21QQ.doc
leviticus,LEV23QQ.doc
leviticus,LEV26QQ.doc
deuteronomy,DT01MM.pdf
deuteronomy,DT01QQ.doc
deuteronomy,DT05MM.pdf
deuteronomy,DT05QQ.doc
deuteronomy,DT07MM.pdf
deuteronomy,DT07QQ.doc
deuteronomy,DT09MM.pdf
deuteronomy,DT09QQ.doc
deuteronomy,DT10MM.pdf
deuteronomy,DT10QQ.doc
deuteronomy,DT12MM.pdf
deuteronomy,DT12QQ.doc
deuteronomy,DT14MM.pdf
deuteronomy,DT14QQ.doc
deuteronomy,DT18MM.pdf
deuteronomy,DT18QQ.doc
deuteronomy,DT19MM.pdf
deuteronomy,DT19QQ.doc
deuteronomy,DT22MM.pdf
deuteronomy,DT22QQ.doc
deuteronomy,DT24MM.pdf
deuteronomy,DT24QQ.doc
deuteronomy,DT27MM.pdf
deuteronomy,DT27QQ.doc
deuteronomy,DT31MM.pdf
deuteronomy,DT31QQ.doc
deuteronomy,Intro_Deuteronomy.pdf
joshua,JO01MM.pdf
joshua,JO02MM.pdf
joshua,JO03MM.pdf
joshua,JO04MM.pdf
joshua,JO05MM.pdf
joshua,josh01QQ.doc
joshua,josh02QQ.doc
joshua,josh03QQ.doc
joshua,josh04QQ.doc
joshua,josh05QQ.doc
joshua,josh06QQ.doc
joshua,josh07QQ.doc
joshua,josh08QQ.doc
joshua,josh09QQ.doc
joshua,josh10QQ.doc
joshua,josh11QQ.doc
judges,JDG01MM.pdf
judges,JDG01QQ.doc
judges,JDG02MM.pdf
judges,JDG02QQ.doc
judges,JDG03MM.pdf
judges,JDG03QQ.doc
judges,JDG04MM.pdf
judges,JDG04QQ.doc
judges,JDG05MM.pdf
judges,JDG05QQ.doc
judges,JDG06MM.pdf
judges,JDG06QQ.doc
ruth,RUTH01AQ.doc
ruth,RUTH02AQ.doc
ruth,RUTH03AQ.doc
ruth,RUTH04AQ.doc
samuel1,1SA01MM.pdf
samuel1,1SA01QQ.doc
samuel1,1SA02MM.pdf
samuel1,1SA02QQ.doc
samuel1,1SA04MM.pdf
samuel1,1SA04QQ.doc
samuel1,1SA07MM.pdf
samuel1,1SA07QQ.doc
samuel1,1SA08MM.pdf
samuel1,1SA08QQ.doc
samuel1,1SA10MM.pdf
samuel1,1SA10QQ.doc
samuel1,1SA12MM.pdf
samuel1,1SA12QQ.doc
samuel1,1SA13MM.pdf
samuel1,1SA13QQ.doc
samuel1,1SA14MM.pdf
samuel1,1SA14QQ.doc
samuel1,1SA15MM.pdf
samuel1,1SA15QQ.doc
samuel1,1SA16MM.pdf
samuel1,1SA16QQ.doc
samuel1,1SA17MM.pdf
samuel1,1SA17QQ.doc
samuel1,1SA18MM.pdf
samuel1,1SA18QQ.doc
samuel1,1SA20MM.pdf
samuel1,1SA20QQ.doc
samuel1,1SA21MM.pdf
samuel1,1SA21QQ.doc
samuel1,1SA23MM.pdf
samuel1,1SA23QQ.doc
samuel1,1SA24MM.pdf
samuel1,1SA24QQ.doc
samuel1,1SA25MM.pdf
samuel1,1SA25QQ.doc
samuel1,1SA26MM.pdf
samuel1,1SA27MM.pdf
samuel1,1SA27QQ.doc
samuel1,1SA29MM.pdf
samuel1,1SA29QQ.doc
samuel1,1SA30MM.pdf
samuel1,1SA_intro.pdf
samuel2,2SA01MM.pdf
samuel2,2SA01QQ.doc
samuel2,2SA02MM.pdf
samuel2,2SA02QQ.doc
samuel2,2SA05MM.pdf
samuel2,2SA05QQ.doc
samuel2,2SA07MM.pdf
samuel2,2SA07QQ.doc
samuel2,2SA08MM.pdf
samuel2,2SA08QQ.doc
samuel2,2SA11MM.pdf
samuel2,2SA11QQ.doc
samuel2,2SA13MM.pdf
samuel2,2SA13QQ.doc
samuel2,2SA16MM.pdf
samuel2,2SA16QQ.doc
samuel2,2SA19MM.pdf
samuel2,2SA19QQ.doc
samuel2,2SA21MM.pdf
samuel2,2SA21QQ.doc
samuel2,2SA23MM.pdf
samuel2,2SA23QQ.doc
samuel2,2SA24MM.pdf
samuel2,2SA24QQ.doc
samuel2,Introduction_2Samuel.pdf
ecclesiastes,ECC00MM.pdf
ecclesiastes,ECC00QQ.doc
ecclesiastes,ECC01MM.pdf
ecclesiastes,ECC01QQ.doc
ecclesiastes,ECC02MM.pdf
ecclesiastes,ECC02QQ.doc
ecclesiastes,ECC03MM.pdf
ecclesiastes,ECC03QQ.doc
ecclesiastes,ECC04MM.pdf
ecclesiastes,ECC04QQ.doc
ecclesiastes,ECC05MM.pdf
ecclesiastes,ECC05QQ.doc
ecclesiastes,ECC06MM.pdf
ecclesiastes,ECC06QQ.doc
ecclesiastes,ECC07MM.pdf
ecclesiastes,ECC07QQ.doc
ecclesiastes,ECC08MM.pdf
ecclesiastes,ECC08QQ.doc
ecclesiastes,ECC09MM.pdf
ecclesiastes,ECC09QQ.doc
ecclesiastes,ECC10MM.pdf
ecclesiastes,ECC10QQ.doc
ecclesiastes,ECC11MM.pdf
ecclesiastes,ECC11QQ.doc
ecclesiastes,ECC12MM.pdf
ecclesiastes,ECC12QQ.doc
daniel,Dan01QQ.DOC
daniel,Dan02QQ.DOC
daniel,Dan03QQ.DOC
daniel,Dan04QQ.DOC
daniel,Dan05QQ.DOC
daniel,Dan06QQ.DOC
daniel,Dan07QQ.DOC
daniel,Dan08QQ.DOC
daniel,Dan09QQ.DOC
daniel,Dan10QQ.DOC
hosea,Hos01QQ.doc
hosea,Hos01mm.pdf
hosea,Hos02QQ.doc
hosea,Hos02mm.pdf
hosea,Hos03QQ.doc
hosea,Hos03mm.pdf
hosea,Hos04QQ.doc
hosea,Hos04mm.pdf
hosea,Hos05QQ.doc
hosea,Hos05mm.pdf
hosea,Hos06QQ.doc
hosea,Hos06mm.pdf
jonah,JNH01QQ.doc
jonah,JNH01mm.pdf
jonah,JNH02QQ.doc
jonah,JNH02mm.pdf
jonah,JNH03QQ.doc
jonah,JNH03mm.pdf
jonah,JNH04QQ.doc
jonah,JNH04mm.pdf
micah,MIC01QQ.doc
micah,MIC02QQ.doc
micah,MIC04QQ.doc
micah,MIC06QQ.doc
micah,Micah_introduction.pdf
matthew,MT01AQ.DOC
matthew,MT01BQ.DOC
matthew,MT02AQ.DOC
matthew,MT03AQ.DOC
matthew,MT04AQ.DOC
matthew,MT04BQ.DOC
matthew,MT05AQ.DOC
matthew,MT05BQ.DOC
matthew,MT06AQ.DOC
matthew,MT06BQ.DOC
matthew,MT07AQ.DOC
matthew,MT07BQ.DOC
matthew,MT08AQ.DOC
matthew,MT08BQ.DOC
matthew,MT09AQ.DOC
matthew,MT09BQ.DOC
matthew,MT10AQ.DOC
matthew,MT10BQ.DOC
matthew,MT10CQ.DOC
matthew,MT11AQ.DOC
matthew,MT11BQ.DOC
matthew,MT12AQ.DOC
matthew,MT12BQ.DOC
matthew,MT13AQ.DOC
matthew,MT13BQ.DOC
matthew,MT14AQ.DOC
matthew,MT14BQ.DOC
matthew,MT15AQ.DOC
matthew,MT15BQ.DOC
matthew,MT16AQ.DOC
matthew,MT16BQ.DOC
matthew,MT17AQ.DOC
matthew,MT17BQ.DOC
matthew,MT18AQ.DOC
matthew,MT18BQ.DOC
matthew,MT19AQ.DOC
matthew,MT19BQ.DOC
matthew,MT20AQ.DOC
matthew,MT20BQ.DOC
matthew,MT21AQ.DOC
matthew,MT21BQ.DOC
matthew,MT21CQ.DOC
matthew,MT21DQ.DOC
matthew,MT21EQ.DOC
matthew,MT22AQ.DOC
matthew,MT22BQ.DOC
matthew,MT22CQ.DOC
matthew,MT22DQ.DOC
matthew,MT23AQ.DOC
matthew,MT24AQ.DOC
matthew,MT24BQ.DOC
matthew,MT25AQ.DOC
matthew,MT25BQ.DOC
matthew,MT25CQ.DOC
matthew,MT26AQ.DOC
matthew,MT26BQ.DOC
matthew,MT26CQ.DOC
matthew,MT27AQ.DOC
matthew,MT27BQ.DOC
matthew,MT28AQ.DOC
mark,mk01am1.pdf
mark,mk01am2.pdf
mark,mk01aq.doc
mark,mk01bm1.pdf
mark,mk01bm2.pdf
mark,mk01bq.doc
mark,mk02aq.doc
mark,mk02mm1.pdf
mark,mk02mm2.pdf
mark,mk03aq.doc
mark,mk03mm1.pdf
mark,mk05bq.doc
mark,mk06am.pdf
mark,mk06aq.doc
mark,mk06bq.doc
mark,mk06cm.pdf
mark,mk06cq.doc
mark,mk06dm.pdf
mark,mk06dq.doc
mark,mk07am.pdf
mark,mk07aq.doc
mark,mk07bm.pdf
mark,mk07bq.doc
mark,mk07cm.pdf
mark,mk07cq.doc
mark,mk08am.pdf
mark,mk08aq.doc
mark,mk08bm.pdf
mark,mk08bq.doc
mark,mk08cm.pdf
mark,mk08cq.doc
mark,mk08dm.pdf
mark,mk08dq.doc
mark,mk08em.pdf
mark,mk08eq.doc
mark,mk09am.pdf
mark,mk09aq.doc
mark,mk09bm.pdf
mark,mk09bq.doc
mark,mk09cm.pdf
mark,mk09cq.doc
mark,mk10am.pdf
mark,mk10aq.doc
mark,mk10bm.pdf
mark,mk10bq.doc
mark,mk10cm.pdf
mark,mk10cq.doc
mark,mk10dm.pdf
mark,mk10dq.doc
mark,mk11am.pdf
mark,mk11aq.doc
mark,mk11bm.pdf
mark,mk11bq.doc
mark,mk12am.pdf
mark,mk12aq.doc
mark,mk12bm.pdf
mark,mk12bq.doc
mark,mk12cm.pdf
mark,mk12cq.doc
mark,mk12dm.pdf
mark,mk12dq.doc
mark,mk12em.pdf
mark,mk12eq.doc
mark,mk13am.pdf
mark,mk13aq.doc
mark,mk13bm.pdf
mark,mk13bq.doc
mark,mk14am.pdf
mark,mk14aq.doc
mark,mk14bm.pdf
mark,mk14bq.doc
mark,mk14cm.pdf
mark,mk14cq.doc
mark,mk15am.pdf
mark,mk15aq.doc
mark,mk15bm.pdf
mark,mk15bq.doc
mark,mk16aq.doc
mark,mk16mm.pdf
luke,LK01AM.pdf
luke,LK01AQ.doc
luke,LK01BM.pdf
luke,LK01BQ.doc
luke,LK01CM.pdf
luke,LK01CQ.doc
luke,LK01DM.pdf
luke,LK01DQ.doc
luke,LK02AM.pdf
luke,LK02AQ.doc
luke,LK02BM.pdf
luke,LK02BQ.doc
luke,LK02CM.pdf
luke,LK02CQ.doc
luke,LK03AM.pdf
luke,LK03AQ.doc
luke,LK03BM.pdf
luke,LK03BQ.doc
luke,LK04AM.pdf
luke,LK04AQ.doc
luke,LK04BM.pdf
luke,LK04BQ.doc
luke,LK04CM.pdf
luke,LK04CQ.doc
luke,LK05AM.pdf
luke,LK05AQ.doc
luke,LK05BM.pdf
luke,LK05BQ.doc
luke,LK05CM.pdf
luke,LK05CQ.doc
luke,LK05DM.pdf
luke,LK05DQ.doc
luke,LK05EM.pdf
luke,LK05EQ.doc
luke,LK06AM1.pdf
luke,LK06AM2.pdf
luke,LK06AQ.doc
luke,LK06BM.pdf
luke,LK06BQ.doc
luke,LK06CM.pdf
luke,LK06CQ.doc
luke,LK07AM.pdf
luke,LK07AQ.doc
luke,LK07BM.pdf
luke,LK07BQ.doc
luke,LK07CM.pdf
luke,LK07CQ.doc
luke,LK07DM.pdf
luke,LK07DQ.doc
luke,LK08AM.pdf
luke,LK08AQ.doc
luke,LK08BM.pdf
luke,LK08BQ.doc
luke,LK08CM.pdf
luke,LK08CQ.doc
luke,LK08DM.pdf
luke,LK08DQ.doc
luke,LK08EM.pdf
luke,LK08EQ.doc
luke,LK09AM.pdf
luke,LK09AQ.doc
luke,LK09BM.pdf
luke,LK09BQ.doc
luke,LK09CM.pdf
luke,LK09CQ.doc
luke,LK09DM.pdf
luke,LK09DQ.doc
luke,LK09EM.pdf
luke,LK09EQ.doc
luke,LK09FM.pdf
luke,LK09FQ.doc
luke,LK10AM.pdf
luke,LK10AQ.doc
luke,LK10BM.pdf
luke,LK10BQ.doc
luke,LK10CM.pdf
luke,LK10CQ.doc
luke,LK11AQ.doc
luke,LK11BM.pdf
luke,LK11BQ.doc
luke,LK11CM.pdf
luke,LK11CQ.doc
luke,LK12AM.pdf
luke,LK12AQ.doc
luke,LK12BM.pdf
luke,LK12BQ.doc
luke,LK12CM.pdf
luke,LK12CQ.doc
luke,LK13AM.pdf
luke,LK13AQ.doc
luke,LK13BM.pdf
luke,LK13BQ.doc
luke,LK14AM.pdf
luke,LK14AQ.doc
luke,LK14BM.pdf
luke,LK14BQ.doc
luke,LK15MM.pdf
luke,LK15QQ.doc
luke,LK16AM.pdf
luke,LK16AQ.doc
luke,LK16BM.pdf
luke,LK16BQ.doc
luke,LK17AM.pdf
luke,LK17AQ.doc
luke,LK17BM.pdf
luke,LK17BQ.doc
luke,LK17CM.pdf
luke,LK17CQ.doc
luke,LK18AM.pdf
luke,LK18AQ.doc
luke,LK18BM.pdf
luke,LK18BQ.doc
luke,LK18CM.pdf
luke,LK18CQ.doc
luke,LK19AM.pdf
luke,LK19AQ.doc
luke,LK19BM.pdf
luke,LK19BQ.doc
luke,LK19CM.pdf
luke,LK19CQ.doc
luke,LK20AM.pdf
luke,LK20AQ.doc
luke,LK20BM.pdf
luke,LK20BQ.doc
luke,LK21MM.pdf
luke,LK21QQ.doc
luke,LK22AM.pdf
luke,LK22AQ.doc
luke,LK22BM.pdf
luke,LK22BQ.doc
luke,LK22CM.pdf
luke,LK22CQ.doc
luke,LK23AM.pdf
luke,LK23AQ.doc
luke,LK23BM.pdf
luke,LK23BQ.doc
luke,LK24AM.pdf
luke,LK24AQ.doc
luke,LK24BM.pdf
luke,LK24BQ.doc
john,JN01AM1.pdf
john,JN01AM2.pdf
john,JN01AQ.doc
john,JN01BM1.pdf
john,JN01BM2.pdf
john,JN01BQ.doc
john,JN02AM1.pdf
john,JN02AM2.pdf
john,JN02AQ.doc
john,JN03AM1.pdf
john,JN03AM2.pdf
john,JN03AQ.doc
john,JN03BM.pdf
john,JN03BQ.doc
john,JN04AM.pdf
john,JN04AQ.doc
john,JN04BM.pdf
john,JN04BQ.doc
john,JN04CM.pdf
john,JN04CQ.doc
john,JN05AM.pdf
john,JN05AQ.doc
john,JN05BM.pdf
john,JN05BQ.doc
john,JN05CM.pdf
john,JN05CQ.doc
john,JN06AM.pdf
john,JN06AQ.doc
john,JN06BM.pdf
john,JN06BQ.doc
john,JN06CM.pdf
john,JN06CQ.doc
john,JN06DM.pdf
john,JN07AM.pdf
john,JN07AQ.doc
john,JN08AM.pdf
john,JN08AQ.doc
john,JN08BM.pdf
john,JN08BQ.doc
john,JN09AM.pdf
john,JN09AQ.doc
john,JN09BM.pdf
john,JN09BQ.doc
john,JN10AM.pdf
john,JN10AQ.doc
john,JN10BM.pdf
john,JN10BQ.doc
john,JN11AM.pdf
john,JN11AQ.doc
john,JN11BM.pdf
john,JN11BQ.doc
john,JN12AM.pdf
john,JN12AQ.doc
john,JN12BM1.pdf
john,JN12BM2.pdf
john,JN12BM3.pdf
john,JN12BQ.doc
john,JN13AM.pdf
john,JN13AQ.doc
john,JN13BM.pdf
john,JN13BQ.doc
john,JN14AM.pdf
john,JN14AQ.doc
john,JN14BM.pdf
john,JN14BQ.doc
john,JN15AM.pdf
john,JN15AQ.doc
john,JN15BM1.pdf
john,JN15BM2.pdf
john,JN15BQ.doc
john,JN16AM.pdf
john,JN16AQ.doc
john,JN16BM.pdf
john,JN17AQ.doc
john,JN17MM.pdf
john,JN18MM.pdf
john,JN18QQ.doc
john,JN19MM.pdf
john,JN19QQ.doc
john,JN20MM.pdf
john,JN20QQ.doc
john,JN21AM.pdf
john,JN21BM.pdf
john,JN21QQ.doc
acts,ACT01AM.pdf
acts,ACT01AQ.doc
acts,ACT01BM.pdf
acts,ACT01BQ.doc
acts,ACT02AM.pdf
acts,ACT02AQ.doc
acts,ACT02BM.pdf
acts,ACT02BQ.doc
acts,ACT03MM.pdf
acts,ACT03QQ.doc
acts,ACT04AM.pdf
acts,ACT04AQ.doc
acts,ACT04BM.pdf
acts,ACT04BQ.doc
acts,ACT05MM.pdf
acts,ACT05QQ.doc
acts,ACT06MM.pdf
acts,ACT06QQ.doc
acts,ACT07MM.pdf
acts,ACT08AM.pdf
acts,ACT08BM.pdf
acts,ACT08QQ.doc
acts,ACT09AM.pdf
acts,ACT09AQ.doc
acts,ACT10MM.pdf
acts,ACT10QQ.doc
acts,ACT11MM.pdf
acts,ACT11QQ.doc
acts,ACT12MM.pdf
acts,ACT12QQ.doc
acts,ACT13AM.pdf
acts,ACT13AQ.doc
acts,ACT13BM.pdf
acts,ACT13BQ.doc
acts,ACT14MM.pdf
acts,ACT14QQ.doc
acts,ACT15MM.pdf
acts,ACT15QQ.doc
acts,ACT16MM.pdf
acts,ACT16QQ.doc
acts,ACT17MM.pdf
acts,ACT17QQ.doc
acts,ACT18MM.pdf
acts,ACT18QQ.doc
acts,ACT19MM.pdf
acts,ACT19QQ.doc
acts,ACT20MM.pdf
acts,ACT20QQ.doc
acts,ACT21MM.pdf
acts,ACT21QQ.doc
acts,ACT22MM.pdf
acts,ACT22QQ.doc
acts,ACT23MM.pdf
acts,ACT23QQ.doc
acts,ACT24MM.pdf
acts,ACT24QQ.doc
acts,ACT25MM.pdf
acts,ACT25QQ.doc
acts,ACT26MM.pdf
acts,ACT26QQ.doc
acts,ACT27MM.pdf
acts,ACT27QQ.doc
acts,ACT28MM.pdf
acts,ACT28QQ.doc
acts,ac07qq.doc
acts,paulsmission.pdf
romans,RO00AM.pdf
romans,RO01AM.pdf
romans,RO01AQ.doc
romans,RO01BM.pdf
romans,RO01BQ.doc
romans,RO01CM.pdf
romans,RO02MM.pdf
romans,RO02QQ.doc
romans,RO03AM.pdf
romans,RO03AQ.doc
romans,RO03BM.pdf
romans,RO03BQ.doc
romans,RO04MM.pdf
romans,RO04QQ.doc
romans,RO05BM.pdf
romans,RO05QQ.doc
romans,RO06AM.pdf
romans,RO06BM.pdf
romans,RO06QQ.doc
romans,RO07AM.pdf
romans,RO07BM.pdf
romans,RO07QQ.doc
romans,RO08AQ.doc
romans,RO08BM.pdf
romans,RO08BQ.doc
romans,RO09MM.pdf
romans,RO09QQ.doc
romans,RO10AM.pdf
romans,RO10QQ.doc
romans,RO11AM.pdf
romans,RO11AQ.doc
romans,RO11BQ.doc
romans,RO12AM.pdf
romans,RO12BM.pdf
romans,RO12QQ.doc
romans,RO13MM.pdf
romans,RO13QQ.doc
romans,RO14MM.pdf
romans,RO14QQ.doc
romans,RO15AM.pdf
romans,RO15AQ.doc
romans,RO15BM.pdf
romans,RO15BQ.doc
romans,RO16MM.pdf
romans,RO16QQ.doc
corinthians1,1COR01MM.pdf
corinthians1,1COR01QQ.doc
corinthians1,1COR02MM.pdf
corinthians1,1COR02QQ.doc
corinthians1,1COR03MM.pdf
corinthians1,1COR03QQ.doc
corinthians1,1COR04MM.pdf
corinthians1,1COR04QQ.doc
corinthians1,1COR05MM.pdf
corinthians1,1COR05QQ.doc
corinthians1,1COR06MM.pdf
corinthians1,1COR06QQ.doc
corinthians1,1COR07MM.pdf
corinthians1,1COR07QQ.doc
corinthians1,1COR08MM.pdf
corinthians1,1COR08QQ.doc
corinthians1,1COR10AQ.doc
corinthians1,1COR11AQ.doc
corinthians1,1COR12AQ.doc
corinthians1,1COR13AQ.doc
corinthians1,1COR14AQ.doc
corinthians1,1COR14MM.pdf
corinthians1,1COR15AQ.doc
corinthians1,1COR15BQ.doc
corinthians1,1COR15CQ.doc
corinthians1,1COR16AQ.doc
corinthians2,2COR01AQ.doc
corinthians2,2COR02AQ.doc
corinthians2,2COR03AQ.doc
corinthians2,2COR04AQ.doc
corinthians2,2COR05AQ.doc
corinthians2,2COR05BQ.doc
corinthians2,2COR06AQ.doc
corinthians2,2COR08AQ.doc
corinthians2,2COR08BQ.doc
corinthians2,2COR10AQ.doc
corinthians2,2COR11AQ.doc
corinthians2,2COR12AQ.doc
galatians,Gal00Intro.pdf
galatians,Gal01AM.pdf
galatians,Gal01AQ.doc
galatians,Gal02AM.pdf
galatians,Gal02AQ.doc
galatians,Gal02BM.pdf
galatians,Gal02BQ.doc
galatians,Gal03AM.pdf
galatians,Gal03AQ.doc
galatians,Gal03BM.pdf
galatians,Gal03BQ.doc
galatians,Gal04AM.pdf
galatians,Gal04AQ.doc
galatians,Gal04BM.pdf
galatians,Gal04BQ.doc
galatians,Gal05AM.pdf
galatians,Gal05AQ.doc
galatians,Gal05BM.pdf
galatians,Gal05BQ.doc
galatians,Gal06AM.pdf
galatians,Gal06AQ.doc
galatians,Gal06BM.pdf
galatians,Gal06BQ.doc
ephesians,EPH1QQ.doc
ephesians,EPH2QQ.doc
ephesians,EPH3QQ.doc
ephesians,EPH4QQ.doc
ephesians,EPH5QQ.doc
ephesians,EPH6AQ.doc
ephesians,EPH6BQ.doc
philippians,php01QQ.doc
philippians,php02QQ.doc
philippians,php03QQ.doc
philippians,php04QQ.doc
timothy1,1TIM01AM.pdf
timothy1,1TIM01AQ.doc
timothy1,1TIM01BM.pdf
timothy1,1TIM01BQ.doc
timothy1,1TIM02AM.pdf
timothy1,1TIM02QQ.doc
timothy1,1TIM03MM.pdf
timothy1,1TIM03QQ.doc
timothy1,1TIM04MM.pdf
timothy1,1TIM04QQ.doc
timothy1,1TIM05MM.pdf
timothy1,1TIM05QQ.doc
timothy1,1TIM06MM.pdf
timothy1,1TIM06QQ.doc
timothy1,1TIM_intro.pdf
timothy2,2TIM01MM.pdf
timothy2,2TIM01QQ.doc
timothy2,2TIM02MM.pdf
timothy2,2TIM02QQ.doc
timothy2,2TIM03MM.pdf
timothy2,2TIM03QQ.doc
timothy2,2TIM04QQ.doc
timothy2,2TIM_intro.pdf
titus,TITUS01QQ.doc
titus,TITUS02QQ.doc
titus,TITUS03QQ.doc
philemon,PHILEMON01M.doc
philemon,PHILEMON01Q.doc
hebrews,HEB01QQ.doc
hebrews,HEB03QQ.doc
hebrews,HEB04QQ.doc
hebrews,HEB08QQ.doc
hebrews,HEB09QQ.doc
hebrews,HEB11AQ.doc
hebrews,HEB11BQ.doc
hebrews,HEB11CQ.doc
hebrews,HEB11DQ.doc
hebrews,HEB12QQ.doc
hebrews,HEB13QQ.doc
james,jam01qq.doc
james,jam02qq.doc
james,jam03qq.doc
james,jam04qq.doc
james,jam05qq.doc
peter12,1PE01AM.pdf
peter12,1PE01AQ.doc
peter12,1PE01BM.pdf
peter12,1PE01BQ.doc
peter12,1PE02AM.pdf
peter12,1PE02QQ.doc
peter12,1PE03MM.pdf
peter12,1PE03QQ.doc
peter12,1PE04MM.pdf
peter12,1PE04QQ.doc
peter12,1PE05MM.pdf
peter12,1PE05QQ.doc
peter12,1PE_intro.pdf
peter12,2PE01MM.pdf
peter12,2PE01QQ.doc
peter12,2PE02MM.pdf
peter12,2PE02QQ.doc
peter12,2PE03MM.pdf
peter12,2PE03QQ.doc
peter12,2PE_intro.pdf
john123,1JN1QQ.doc
john123,1JN2QQ.doc
john123,1JN3QQ.doc
john123,1JN4AQ.doc
john123,1JN4BQ.doc
john123,1JN5QQ.doc
john123,2JN1QQ.doc
john123,3JN1QQ.doc
revelation,Introduction to Revelation.pdf
revelation,REV01MM.pdf
revelation,REV02AM_Ephesus.pdf
revelation,REV02BM_Smyrna.pdf
revelation,REV02CM_Pergamum.pdf
revelation,REV02DM_Thyatira.pdf
revelation,REV03AM_Sardis.pdf
revelation,REV03BM_Philadelphia.pdf
revelation,REV03CM_Laodicea.pdf
revelation,Rev01QQ.doc
revelation,Rev02QQ.doc
revelation,Rev03QQ.doc
revelation,Rev04QQ.doc
revelation,Rev06QQ.doc
revelation,Rev07QQ.doc
revelation,Rev08QQ.doc
revelation,Rev10QQ.doc
revelation,Rev12QQ.doc
revelation,Rev13QQ.doc
revelation,Rev14QQ.doc
revelation,Rev15QQ.doc
revelation,Rev17QQ.doc
revelation,Rev19QQ.doc
revelation,Rev20QQ.doc
revelation,Rev21QQ.doc
revelation,Rev22QQ.doc
